Ime,Priimek,Spol,Datum_rojstva,Datum_smrti,Regija,Status,Zakonski_stan,Izobrazba
Anne,Peterson,Ž,1960-11-13,2011-03-25,primorsko-notranjska,pokojni,pokojni,5
Andrew,Willis,Ž,1925-06-19,,savinjska,upokojen,loèen,6.1
Alan,Burton,M,1977-03-31,,goriška,zaposlen,poroèen,3
Steven,Chapman,Ž,1960-08-05,1992-06-10,gorenjska,pokojni,pokojni,6.1
Gerald,Ferguson,M,1938-06-18,,koroška,upokojen,vdovel,5
William,Olson,M,1940-10-07,,pomurska,upokojen,vdovel,2
Roger,Richardson,M,1942-05-09,,obalno-kraška,upokojen,loèen,6.2
Richard,Simmons,Ž,1945-06-20,,goriška,upokojen,samski,3
Paul,Smith,M,1974-08-25,,posavska,zaposlen,skupnost,6.2
Todd,Patterson,M,1921-06-02,,koroška,upokojen,skupnost,3
Antonio,Bell,Ž,1989-11-10,,osrednjeslovenska,študent,samski,5
Larry,Castillo,M,1979-01-09,,savinjska,brezposeln,loèen,3
Randy,Griffin,Ž,1922-03-14,,jugovzhodna Slovenija,upokojen,loèen,4
Martin,Robertson,M,1976-04-19,,posavska,brezposeln,samski,3
Billy,Henry,Ž,1932-03-01,2014-11-03,podravska,pokojni,pokojni,1
Denise,Patterson,Ž,1932-03-30,,goriška,upokojen,loèen,5
Marilyn,Hill,Ž,1954-06-20,1988-12-20,goriška,pokojni,pokojni,2
Lisa,Willis,Ž,1929-02-06,,gorenjska,upokojen,loèen,4
Thomas,Fernandez,M,1959-05-18,2006-08-26,primorsko-notranjska,pokojni,pokojni,4
Jimmy,Fernandez,Ž,1953-06-27,,zasavska,brezposeln,poroèen,7
Nicholas,Bradley,M,2009-02-01,,jugovzhodna Slovenija,OŠ,otrok,1
Barbara,Green,Ž,1945-01-20,,jugovzhodna Slovenija,upokojen,vdovel,5
Norma,Hamilton,Ž,2002-05-25,,goriška,OŠ,otrok,1
Aaron,Griffin,Ž,1937-10-04,,gorenjska,upokojen,samski,3
Patrick,Foster,M,1937-09-16,,posavska,upokojen,vdovel,3
Patrick,Mills,M,2005-01-10,,savinjska,OŠ,otrok,1
Randy,Perez,Ž,2010-01-12,,savinjska,OŠ,otrok,1
Carolyn,Arnold,Ž,1924-09-03,1967-11-20,gorenjska,pokojni,pokojni,4
Sean,Bennett,M,1986-09-20,,zasavska,brezposeln,vdovel,2
Bruce,Perkins,M,1950-02-14,,gorenjska,upokojen,loèen,7
Arthur,Garza,M,2010-05-09,,goriška,OŠ,otrok,1
Ronald,Austin,M,1957-08-12,,savinjska,zaposlen,samski,5
Andrea,Lawrence,Ž,1938-04-12,,goriška,upokojen,samski,2
Kevin,Chavez,M,1942-04-26,,gorenjska,upokojen,vdovel,3
Kevin,Willis,M,1959-04-04,1981-07-31,koroška,pokojni,pokojni,7
Scott,Sanders,M,1926-09-08,1937-06-11,gorenjska,pokojni,pokojni,3
Linda,Hernandez,Ž,1942-09-12,,goriška,upokojen,samski,4
Joe,Kelly,M,1952-04-21,,goriška,upokojen,skupnost,6.2
Gregory,Perez,Ž,1969-12-24,,gorenjska,zaposlen,poroèen,1
Alice,Hudson,Ž,1944-12-27,,gorenjska,upokojen,loèen,5
Mark,Fuller,M,1984-05-03,,jugovzhodna Slovenija,zaposlen,skupnost,4
Martin,Mendoza,M,1978-04-04,,osrednjeslovenska,brezposeln,samski,2
Pamela,Dunn,Ž,1951-06-12,,pomurska,upokojen,skupnost,5
Shirley,Nguyen,Ž,1946-04-13,2010-07-30,savinjska,pokojni,pokojni,2
Ann,King,Ž,1970-05-28,1980-10-27,jugovzhodna Slovenija,pokojni,pokojni,2
Eric,Grant,M,2014-12-24,,osrednjeslovenska,otrok,otrok,1
Christina,Austin,Ž,2012-10-29,,obalno-kraška,otrok,otrok,1
Denise,Harrison,Ž,1930-12-12,1937-06-05,osrednjeslovenska,pokojni,pokojni,3
Katherine,Oliver,Ž,1940-06-11,,savinjska,upokojen,vdovel,1
Carlos,Gonzales,M,1937-06-27,,primorsko-notranjska,upokojen,samski,3
Jeremy,Reyes,M,1976-02-19,,posavska,zaposlen,skupnost,4
Fred,Banks,M,1994-12-16,,obalno-kraška,študent,samski,5
Terry,Kelly,Ž,2013-05-05,,zasavska,otrok,otrok,1
Brandon,Ross,M,1940-08-20,,posavska,upokojen,samski,6.1
Steven,Clark,Ž,1997-01-08,,koroška,študent,samski,5
George,Gomez,M,1982-11-18,,podravska,zaposlen,vdovel,5
Bruce,Wilson,Ž,1961-08-18,,savinjska,brezposeln,skupnost,1
Juan,Woods,M,1965-04-14,,osrednjeslovenska,zaposlen,loèen,6.2
Charles,Sullivan,M,1983-10-14,,jugovzhodna Slovenija,brezposeln,vdovel,5
Johnny,Gibson,M,1991-02-25,,osrednjeslovenska,zaposlen,vdovel,5
Joseph,Snyder,M,1971-01-15,,pomurska,zaposlen,vdovel,6.1
Pamela,Stone,Ž,1948-08-10,,savinjska,upokojen,skupnost,3
Kevin,Adams,M,1942-04-29,,posavska,upokojen,skupnost,5
William,Little,M,2007-05-15,,pomurska,OŠ,otrok,1
Karen,Cole,Ž,1960-07-07,,posavska,brezposeln,vdovel,2
Laura,Hansen,Ž,1972-11-16,,jugovzhodna Slovenija,zaposlen,loèen,1
Larry,Lee,M,1929-11-15,,primorsko-notranjska,upokojen,samski,3
Walter,Morris,M,1930-09-30,,podravska,upokojen,samski,5
Frank,Richardson,M,1920-04-04,,gorenjska,upokojen,poroèen,3
Jimmy,Cruz,M,1976-06-19,,goriška,brezposeln,samski,4
Adam,Williams,M,1992-01-19,,obalno-kraška,študent,vdovel,5
Jason,Austin,Ž,1964-07-29,1967-02-16,gorenjska,pokojni,pokojni,5
Martin,Stone,M,1957-01-15,,podravska,zaposlen,loèen,6.2
Sharon,Hawkins,Ž,1945-12-07,2009-10-25,zasavska,pokojni,pokojni,6.2
Jason,Wood,Ž,1938-03-10,,koroška,upokojen,poroèen,7
Peter,Alexander,M,1957-01-20,,primorsko-notranjska,brezposeln,vdovel,5
Judy,Harrison,Ž,1975-10-08,,goriška,zaposlen,samski,3
William,King,M,1954-09-29,1969-12-30,posavska,pokojni,pokojni,2
Henry,Richards,Ž,1930-02-01,1971-07-09,zasavska,pokojni,pokojni,1
Matthew,Sanchez,M,1941-04-03,,goriška,upokojen,poroèen,3
Charles,Marshall,M,1921-11-26,,pomurska,upokojen,skupnost,5
Gary,Washington,M,2005-10-07,,obalno-kraška,OŠ,otrok,1
Earl,Martin,Ž,1999-12-17,,savinjska,SŠ,otrok,2
Peter,Oliver,M,1929-06-30,,goriška,upokojen,skupnost,8.1
Theresa,Duncan,Ž,1996-11-19,,savinjska,študent,poroèen,5
Sarah,Simmons,Ž,1985-10-11,,obalno-kraška,zaposlen,loèen,2
Sandra,Weaver,Ž,1947-04-23,1958-01-09,podravska,pokojni,pokojni,3
Jimmy,Garza,Ž,1978-02-19,,savinjska,brezposeln,samski,3
Johnny,Smith,Ž,1924-11-14,,primorsko-notranjska,upokojen,loèen,6.2
Carlos,Gutierrez,M,1930-04-01,1992-03-21,posavska,pokojni,pokojni,4
David,Hawkins,M,1999-10-26,,posavska,SŠ,otrok,2
Joyce,Romero,Ž,1975-04-01,,koroška,zaposlen,poroèen,4
Jimmy,Jordan,Ž,1941-12-19,1992-05-27,pomurska,pokojni,pokojni,3
Walter,Tucker,M,1962-12-12,,savinjska,zaposlen,samski,6.2
Johnny,Gordon,M,1921-12-30,,gorenjska,upokojen,poroèen,5
Aaron,Bradley,Ž,1920-12-09,,obalno-kraška,upokojen,skupnost,1
Sean,Hayes,Ž,2002-05-19,,zasavska,OŠ,otrok,1
Walter,Green,M,1941-07-19,,podravska,upokojen,skupnost,6.1
John,Cox,M,1942-09-19,,goriška,upokojen,poroèen,5
Stephanie,Bell,Ž,1966-04-28,,savinjska,brezposeln,poroèen,5
Jean,Rogers,Ž,1965-11-12,,pomurska,zaposlen,poroèen,2
Norma,Clark,Ž,1997-04-16,,jugovzhodna Slovenija,zaposlen,vdovel,6.2
Anthony,Daniels,M,1946-12-19,2006-08-30,pomurska,pokojni,pokojni,3
Martin,Dixon,Ž,1970-08-29,,posavska,brezposeln,skupnost,4
Evelyn,Berry,Ž,1946-12-12,,obalno-kraška,upokojen,skupnost,3
Lori,Rice,Ž,1946-06-10,,savinjska,upokojen,loèen,8.2
Jack,Chapman,Ž,2003-10-24,,podravska,OŠ,otrok,1
Kathryn,Lawson,Ž,1999-05-17,,savinjska,SŠ,otrok,2
Alan,Jordan,M,1925-01-07,,gorenjska,upokojen,samski,5
Phyllis,Hudson,Ž,1976-04-23,1993-05-15,gorenjska,pokojni,pokojni,4
Steve,Rivera,Ž,1976-07-29,,savinjska,brezposeln,poroèen,5
Chris,Larson,Ž,1943-08-01,,osrednjeslovenska,upokojen,poroèen,1
Joshua,Gonzalez,Ž,1973-02-09,,podravska,brezposeln,loèen,6.1
Matthew,Richards,M,1940-12-04,,posavska,upokojen,skupnost,6.1
Bobby,Gutierrez,M,1993-04-27,,posavska,študent,skupnost,5
Terry,Rodriguez,M,1951-10-24,,primorsko-notranjska,upokojen,loèen,4
Johnny,Campbell,Ž,1962-08-14,,primorsko-notranjska,zaposlen,loèen,7
Tammy,Gilbert,Ž,2016-04-22,,savinjska,otrok,otrok,1
Diana,Lopez,Ž,1947-07-01,,primorsko-notranjska,upokojen,vdovel,3
Richard,Mcdonald,M,2014-04-25,,goriška,otrok,otrok,1
Jonathan,Reed,M,1942-12-26,1983-12-15,koroška,pokojni,pokojni,4
Katherine,Brooks,Ž,2003-12-03,,jugovzhodna Slovenija,OŠ,otrok,1
Jimmy,Stewart,M,1990-04-30,,zasavska,brezposeln,samski,1
Evelyn,Rogers,Ž,1942-04-17,1984-09-08,pomurska,pokojni,pokojni,7
James,Schmidt,M,1939-02-10,,koroška,upokojen,skupnost,3
Bobby,Black,M,1924-11-04,,osrednjeslovenska,upokojen,loèen,3
Carolyn,Gutierrez,Ž,1997-05-24,,podravska,brezposeln,skupnost,3
John,Grant,M,2006-08-07,,gorenjska,OŠ,otrok,1
Craig,Hughes,Ž,1993-10-22,,goriška,brezposeln,skupnost,6.2
Bonnie,Hernandez,Ž,1924-01-06,,jugovzhodna Slovenija,upokojen,poroèen,5
Martin,Perez,M,1930-11-15,,savinjska,upokojen,poroèen,4
Janice,Baker,Ž,2008-07-11,,posavska,OŠ,otrok,1
Steven,Carter,M,1945-01-11,,posavska,upokojen,vdovel,3
Christina,Rivera,Ž,1920-02-24,,gorenjska,upokojen,vdovel,2
Jeffrey,Baker,Ž,1966-09-07,,koroška,zaposlen,vdovel,5
Wayne,Stephens,Ž,1925-05-03,1973-11-17,savinjska,pokojni,pokojni,4
Donna,Stephens,Ž,1986-01-28,,jugovzhodna Slovenija,zaposlen,samski,3
Brian,Porter,Ž,1929-05-28,,podravska,upokojen,samski,3
Annie,Carter,Ž,1944-12-03,,goriška,upokojen,vdovel,4
Robert,Reed,M,1926-03-27,,primorsko-notranjska,upokojen,poroèen,2
Julia,Brown,Ž,1993-11-07,2004-08-02,gorenjska,pokojni,pokojni,5
Anthony,Fisher,Ž,2006-08-15,,goriška,OŠ,otrok,1
Shawn,Carpenter,M,1983-10-11,,goriška,zaposlen,skupnost,7
Bobby,Stevens,M,1951-01-28,2009-08-19,jugovzhodna Slovenija,pokojni,pokojni,3
Frances,Kennedy,Ž,1958-10-16,,savinjska,brezposeln,skupnost,7
Martin,Rivera,M,1992-03-12,,savinjska,zaposlen,skupnost,5
Brandon,Carter,Ž,1953-04-19,1969-06-04,primorsko-notranjska,pokojni,pokojni,8.1
Kenneth,Hudson,M,2016-08-24,,gorenjska,otrok,otrok,1
Aaron,Myers,M,1980-05-09,,jugovzhodna Slovenija,brezposeln,skupnost,5
Arthur,Cole,Ž,1928-03-28,,goriška,upokojen,skupnost,4
Mary,Alexander,Ž,1970-09-11,,zasavska,brezposeln,vdovel,5
Alan,Alexander,Ž,1960-08-10,2014-06-04,goriška,pokojni,pokojni,5
Kelly,Jacobs,Ž,1921-04-13,,posavska,upokojen,poroèen,5
Brian,Sullivan,M,1933-01-11,,gorenjska,upokojen,skupnost,1
Douglas,Bailey,M,1921-05-17,,zasavska,upokojen,poroèen,3
Lawrence,Pierce,M,1960-05-23,,posavska,zaposlen,poroèen,6.1
Joseph,Lopez,M,1956-04-22,,zasavska,brezposeln,poroèen,3
Stephen,Boyd,Ž,1940-07-27,1961-12-14,pomurska,pokojni,pokojni,4
Christopher,Nguyen,M,1937-07-12,,goriška,upokojen,samski,5
Billy,Stewart,M,1980-03-24,2015-01-04,jugovzhodna Slovenija,pokojni,pokojni,5
Gary,Smith,Ž,1993-11-24,,goriška,študent,skupnost,5
Phillip,Berry,Ž,1948-04-07,1965-06-10,gorenjska,pokojni,pokojni,7
Chris,Davis,M,1975-11-08,2016-02-02,osrednjeslovenska,pokojni,pokojni,6.1
Edward,Washington,M,2011-10-13,,podravska,otrok,otrok,1
Donald,Palmer,Ž,2011-12-09,,obalno-kraška,otrok,otrok,1
Chris,Hart,Ž,1935-03-03,1998-01-02,posavska,pokojni,pokojni,5
Gregory,Mendoza,Ž,1968-02-16,,osrednjeslovenska,brezposeln,poroèen,6.2
Marilyn,Montgomery,Ž,1965-02-23,,goriška,brezposeln,skupnost,3
Charles,Carroll,M,1937-03-27,1986-02-16,pomurska,pokojni,pokojni,5
Michelle,Ruiz,Ž,1960-06-12,,primorsko-notranjska,zaposlen,poroèen,6.1
Craig,Bishop,M,2016-09-22,,gorenjska,otrok,otrok,1
Ronald,Daniels,Ž,1977-04-23,1989-02-25,savinjska,pokojni,pokojni,4
Mark,Diaz,Ž,1997-01-14,,goriška,brezposeln,skupnost,3
Philip,Knight,M,1935-09-23,1978-12-03,jugovzhodna Slovenija,pokojni,pokojni,5
Antonio,Allen,M,2004-01-31,,zasavska,OŠ,otrok,1
Robert,Welch,Ž,1941-03-24,,jugovzhodna Slovenija,upokojen,samski,7
Edward,Jacobs,M,1932-04-20,,koroška,upokojen,samski,5
Anthony,Thompson,M,1973-04-03,1992-03-26,podravska,pokojni,pokojni,4
Adam,Matthews,M,1925-01-16,1950-01-19,osrednjeslovenska,pokojni,pokojni,6.2
Adam,Garrett,Ž,1933-11-14,,primorsko-notranjska,upokojen,skupnost,5
Nancy,Henderson,Ž,1937-03-24,,pomurska,upokojen,vdovel,8.1
Philip,Jordan,M,1978-05-24,,koroška,brezposeln,vdovel,2
Margaret,Butler,Ž,1927-10-16,,zasavska,upokojen,samski,6.1
Nicholas,Taylor,M,1953-10-28,,podravska,zaposlen,vdovel,4
Irene,Weaver,Ž,2015-02-25,,goriška,otrok,otrok,1
Jose,Sanchez,M,1927-01-18,2006-07-01,koroška,pokojni,pokojni,3
Diane,Fox,Ž,1957-09-30,1993-03-04,savinjska,pokojni,pokojni,5
Louis,Gomez,Ž,2003-05-22,,zasavska,OŠ,otrok,1
Cynthia,Collins,Ž,2006-07-19,,podravska,OŠ,otrok,1
Shawn,Rogers,M,1925-04-19,,primorsko-notranjska,upokojen,loèen,3
Martin,Bradley,Ž,1928-02-17,,posavska,upokojen,skupnost,1
Charles,Gardner,M,1926-08-16,,koroška,upokojen,skupnost,6.2
Harry,Robertson,M,2007-03-08,,savinjska,OŠ,otrok,1
Jeremy,Stewart,M,1948-11-24,,savinjska,upokojen,vdovel,3
Christina,Myers,Ž,1986-08-03,,savinjska,brezposeln,vdovel,6.1
Philip,Bailey,M,1939-04-21,1997-06-26,jugovzhodna Slovenija,pokojni,pokojni,6.1
Arthur,Mitchell,M,1948-05-29,,osrednjeslovenska,upokojen,loèen,3
Justin,Perry,M,1935-07-28,,gorenjska,upokojen,poroèen,5
Charles,Williamson,Ž,2011-07-04,,goriška,otrok,otrok,1
Johnny,Johnston,Ž,1961-03-04,,primorsko-notranjska,brezposeln,vdovel,3
Alan,Myers,M,1996-01-04,,gorenjska,brezposeln,poroèen,6.2
Brandon,Meyer,M,1952-11-12,,jugovzhodna Slovenija,upokojen,samski,2
Charles,Alexander,M,1977-06-22,,posavska,brezposeln,vdovel,2
Philip,Morrison,M,1921-11-27,,savinjska,upokojen,loèen,7
Eugene,Martin,M,2011-04-21,,gorenjska,otrok,otrok,1
Helen,Reyes,Ž,1983-08-16,1997-09-20,posavska,pokojni,pokojni,1
Victor,Morrison,M,1929-11-01,,osrednjeslovenska,upokojen,skupnost,2
Samuel,Stanley,M,1961-01-26,1961-05-10,primorsko-notranjska,pokojni,pokojni,4
Linda,Ford,Ž,1957-09-29,1988-06-26,primorsko-notranjska,pokojni,pokojni,2
Timothy,Richards,Ž,2015-06-22,,jugovzhodna Slovenija,otrok,otrok,1
Eugene,Rogers,M,1971-11-06,,podravska,brezposeln,vdovel,2
Mildred,Brooks,Ž,1936-06-23,,savinjska,upokojen,poroèen,2
Mark,Phillips,M,1925-03-13,1998-10-22,savinjska,pokojni,pokojni,5
Lillian,Ward,Ž,1955-12-26,,zasavska,zaposlen,skupnost,5
Sean,Myers,M,1940-09-11,,primorsko-notranjska,upokojen,poroèen,6.2
Lawrence,Grant,M,1979-10-13,,obalno-kraška,brezposeln,samski,5
Jack,Watkins,M,1938-03-19,,goriška,upokojen,loèen,6.2
Joe,Brooks,M,1941-10-18,,osrednjeslovenska,upokojen,loèen,1
Kathy,Gibson,Ž,1955-07-03,,goriška,zaposlen,loèen,2
Maria,Chavez,Ž,1979-03-03,,podravska,zaposlen,vdovel,1
Louise,Chapman,Ž,2007-06-29,,obalno-kraška,OŠ,otrok,1
Pamela,Ryan,Ž,1927-08-16,1943-02-27,goriška,pokojni,pokojni,3
Jeffrey,Wilson,M,1985-06-08,,zasavska,brezposeln,samski,6.1
Jack,Rice,Ž,1920-01-30,,primorsko-notranjska,upokojen,vdovel,3
Jack,Cunningham,M,1983-06-10,,obalno-kraška,brezposeln,loèen,3
Justin,Bailey,M,1956-12-31,,obalno-kraška,zaposlen,loèen,1
Carlos,Perry,M,1978-05-15,,savinjska,zaposlen,poroèen,4
Raymond,Reed,Ž,1953-11-07,,gorenjska,brezposeln,skupnost,6.1
Phyllis,Lopez,Ž,1944-12-15,,koroška,upokojen,poroèen,7
Jimmy,Cooper,M,1964-01-10,,goriška,zaposlen,skupnost,2
Jack,Wells,Ž,1948-12-11,,jugovzhodna Slovenija,upokojen,vdovel,3
Clarence,Wells,M,1995-08-19,,jugovzhodna Slovenija,zaposlen,poroèen,4
Denise,Turner,Ž,1963-04-10,,osrednjeslovenska,zaposlen,loèen,3
Roy,Perez,M,1938-07-25,,osrednjeslovenska,upokojen,loèen,5
Bobby,Mitchell,M,1998-06-02,,jugovzhodna Slovenija,SŠ,vdovel,2
Jeremy,Hawkins,M,2008-07-20,,pomurska,OŠ,otrok,1
Helen,Stewart,Ž,2004-07-25,,gorenjska,OŠ,otrok,1
Stephen,Berry,Ž,1972-01-11,,primorsko-notranjska,brezposeln,poroèen,1
Aaron,Patterson,M,1955-07-18,,koroška,brezposeln,skupnost,3
Kathleen,Hansen,Ž,1941-08-04,1942-02-23,primorsko-notranjska,pokojni,pokojni,6.2
Steven,Walker,Ž,1921-09-16,1955-11-20,pomurska,pokojni,pokojni,6.2
Keith,Bennett,Ž,1956-05-23,,obalno-kraška,brezposeln,loèen,1
Eric,Flores,Ž,1974-08-24,1994-03-22,primorsko-notranjska,pokojni,pokojni,5
Bruce,Collins,Ž,1941-12-22,1996-05-23,zasavska,pokojni,pokojni,3
Mark,Burke,M,1998-01-26,,osrednjeslovenska,SŠ,vdovel,2
Earl,Bailey,Ž,1964-10-27,2005-01-07,goriška,pokojni,pokojni,4
Phillip,Morales,Ž,1981-03-27,,zasavska,zaposlen,poroèen,2
Philip,Turner,Ž,1929-11-14,,koroška,upokojen,vdovel,2
Eric,Hudson,Ž,1943-04-23,1980-08-05,primorsko-notranjska,pokojni,pokojni,2
Paul,Johnston,Ž,1948-09-15,,podravska,upokojen,skupnost,6.1
Chris,Greene,Ž,1970-10-08,1982-03-12,gorenjska,pokojni,pokojni,6.1
Donald,Price,Ž,1929-09-25,,posavska,upokojen,vdovel,5
Patricia,Kelley,Ž,1923-01-24,,goriška,upokojen,skupnost,4
Brian,Miller,Ž,1938-05-12,,gorenjska,upokojen,poroèen,3
Peter,Barnes,M,2012-04-07,,zasavska,otrok,otrok,1
Sean,Webb,M,2015-06-19,,osrednjeslovenska,otrok,otrok,1
Kenneth,Jackson,M,1941-03-02,,pomurska,upokojen,poroèen,3
Jesse,Phillips,Ž,1930-12-04,,goriška,upokojen,vdovel,1
Jack,Meyer,M,1962-03-02,,primorsko-notranjska,brezposeln,loèen,6.2
Jean,Sims,Ž,1958-05-27,,pomurska,zaposlen,samski,7
Edward,Alvarez,M,1943-02-04,,posavska,upokojen,poroèen,4
Dennis,Hunter,Ž,1982-05-03,,koroška,brezposeln,loèen,6.2
Chris,Greene,M,1935-11-26,,podravska,upokojen,skupnost,2
Bruce,Sullivan,M,2014-08-24,,pomurska,otrok,otrok,1
Fred,Butler,M,1936-12-25,,gorenjska,upokojen,loèen,6.2
Kimberly,Sims,Ž,1929-04-18,,obalno-kraška,upokojen,loèen,3
David,Hughes,M,1971-11-20,,podravska,brezposeln,poroèen,2
Diana,Medina,Ž,1933-11-20,2016-01-16,gorenjska,pokojni,pokojni,4
Joshua,Ortiz,Ž,1958-06-19,,osrednjeslovenska,brezposeln,loèen,5
Harold,Nguyen,Ž,1957-11-01,1975-12-23,jugovzhodna Slovenija,pokojni,pokojni,6.2
Harold,Gonzales,M,2014-02-16,,savinjska,otrok,otrok,1
Linda,Murphy,Ž,1925-11-18,,jugovzhodna Slovenija,upokojen,poroèen,6.2
Frank,Howard,M,1934-03-27,,podravska,upokojen,loèen,6.2
Frank,Jenkins,Ž,2007-06-14,,podravska,OŠ,otrok,1
Russell,Burns,M,1945-03-19,1998-01-23,obalno-kraška,pokojni,pokojni,5
Arthur,Rice,Ž,1975-02-13,,obalno-kraška,zaposlen,skupnost,3
Mark,Franklin,M,1935-12-17,,primorsko-notranjska,upokojen,poroèen,5
Edward,Cruz,Ž,1967-10-04,,jugovzhodna Slovenija,zaposlen,skupnost,8.2
Lori,Weaver,Ž,1978-02-27,2007-07-20,obalno-kraška,pokojni,pokojni,2
Victor,Hanson,M,1972-10-30,1983-12-25,zasavska,pokojni,pokojni,2
Gary,Warren,Ž,1982-06-20,,osrednjeslovenska,zaposlen,samski,6.1
Betty,Rivera,Ž,1980-09-09,,obalno-kraška,brezposeln,skupnost,8.2
Amanda,Ramirez,Ž,2013-03-14,,jugovzhodna Slovenija,otrok,otrok,1
Marie,Hudson,Ž,1987-04-03,,goriška,študent,samski,5
Kenneth,Ross,M,1948-07-16,1981-11-27,savinjska,pokojni,pokojni,5
Nicholas,Hawkins,M,1922-06-21,,goriška,upokojen,poroèen,1
Gloria,Matthews,Ž,1996-12-29,,posavska,študent,loèen,5
Charles,Freeman,M,1956-04-08,,podravska,zaposlen,skupnost,6.2
Albert,Warren,M,1995-02-09,,primorsko-notranjska,brezposeln,samski,8.2
Albert,Hunt,Ž,1930-09-05,,obalno-kraška,upokojen,vdovel,6.2
Carl,Bryant,M,2010-04-28,,savinjska,OŠ,otrok,1
Michael,Weaver,M,1992-09-04,,koroška,brezposeln,loèen,6.1
Martin,Brooks,M,1961-02-26,,primorsko-notranjska,brezposeln,loèen,6.1
Stephen,Cooper,Ž,1940-01-08,,primorsko-notranjska,upokojen,skupnost,3
Russell,Sanders,M,1941-08-02,,primorsko-notranjska,upokojen,skupnost,4
Jessica,Welch,Ž,1969-04-01,,jugovzhodna Slovenija,zaposlen,skupnost,2
Jonathan,Sullivan,Ž,1950-09-07,2006-01-24,zasavska,pokojni,pokojni,7
Donald,George,Ž,1934-10-05,,gorenjska,upokojen,poroèen,4
Eric,Lane,M,1923-04-04,,gorenjska,upokojen,vdovel,5
Joseph,Henderson,M,1958-08-29,,pomurska,zaposlen,vdovel,4
Brenda,Burns,Ž,1988-11-13,,gorenjska,zaposlen,poroèen,8.1
Antonio,Young,M,1976-12-12,,zasavska,brezposeln,loèen,5
Jesse,Stanley,Ž,1978-12-16,,podravska,zaposlen,vdovel,4
Earl,Hayes,M,1940-11-07,,gorenjska,upokojen,poroèen,6.1
Carolyn,Lee,Ž,1932-08-15,,osrednjeslovenska,upokojen,loèen,4
Patrick,Hamilton,Ž,2007-07-13,,posavska,OŠ,otrok,1
Sara,Freeman,Ž,1928-02-25,,osrednjeslovenska,upokojen,skupnost,5
Joyce,Jordan,Ž,1922-08-01,,obalno-kraška,upokojen,loèen,7
Brandon,Garza,M,1938-12-24,,posavska,upokojen,vdovel,7
Keith,Black,M,1927-09-15,,podravska,upokojen,poroèen,7
Roger,Simmons,M,1920-11-19,1954-02-10,obalno-kraška,pokojni,pokojni,6.1
Shirley,White,Ž,1948-12-14,,goriška,upokojen,poroèen,3
Aaron,Dean,M,1945-02-19,1973-06-28,podravska,pokojni,pokojni,3
Frank,Alvarez,M,1978-02-11,,jugovzhodna Slovenija,zaposlen,poroèen,3
Eugene,Fisher,M,1948-01-18,,jugovzhodna Slovenija,upokojen,samski,3
Mark,Ryan,Ž,1964-04-10,,jugovzhodna Slovenija,brezposeln,vdovel,3
Janet,Flores,Ž,1947-11-14,,goriška,upokojen,samski,3
Gregory,Hayes,Ž,1995-04-29,2012-08-15,primorsko-notranjska,pokojni,pokojni,3
Harry,Griffin,M,1967-09-10,,goriška,brezposeln,vdovel,4
Douglas,Harper,Ž,1992-07-16,,pomurska,študent,loèen,5
Jeffrey,Stewart,M,2003-12-28,,gorenjska,OŠ,otrok,1
Catherine,Larson,Ž,1959-03-10,1988-03-28,pomurska,pokojni,pokojni,4
Carl,Cunningham,Ž,1928-05-12,,podravska,upokojen,samski,5
Robert,Black,M,1944-03-01,,goriška,upokojen,loèen,5
Mark,Woods,M,1956-10-14,1995-01-27,savinjska,pokojni,pokojni,5
Daniel,Carpenter,Ž,1968-04-20,,koroška,brezposeln,loèen,2
Carl,Foster,Ž,1966-04-06,,koroška,zaposlen,poroèen,5
Mark,Hall,M,1939-10-09,1984-03-12,goriška,pokojni,pokojni,4
Lawrence,Cooper,Ž,1992-08-01,1998-01-29,savinjska,pokojni,pokojni,3
Douglas,Rogers,M,1940-07-11,1976-02-05,koroška,pokojni,pokojni,6.1
Raymond,White,Ž,1960-06-16,,goriška,brezposeln,poroèen,7
Jessica,Jacobs,Ž,1972-05-05,2001-10-09,primorsko-notranjska,pokojni,pokojni,8.2
Ryan,Powell,M,1985-07-07,,koroška,brezposeln,poroèen,3
Betty,Boyd,Ž,2010-04-07,,savinjska,OŠ,otrok,1
Mark,Dixon,M,2013-03-11,,gorenjska,otrok,otrok,1
Amanda,Riley,Ž,1962-10-26,,primorsko-notranjska,brezposeln,samski,4
Walter,Green,M,1920-10-28,,jugovzhodna Slovenija,upokojen,loèen,5
Karen,Owens,Ž,1953-02-25,,zasavska,brezposeln,samski,2
Phyllis,Cunningham,Ž,1994-03-26,,goriška,študent,poroèen,5
Aaron,Henry,M,2014-09-21,,posavska,otrok,otrok,1
Roger,Fernandez,Ž,1959-11-13,1976-11-06,osrednjeslovenska,pokojni,pokojni,4
Samuel,Castillo,M,1959-10-05,,obalno-kraška,brezposeln,vdovel,3
Peter,Gonzales,M,1966-12-22,1999-09-09,pomurska,pokojni,pokojni,3
Andrew,Harrison,Ž,1982-02-15,,posavska,brezposeln,skupnost,6.2
Martin,Harrison,M,1971-01-27,,osrednjeslovenska,zaposlen,poroèen,4
Craig,Perry,M,2011-03-11,,goriška,otrok,otrok,1
Andrew,Gilbert,M,1936-11-04,1955-04-05,koroška,pokojni,pokojni,4
Roy,Crawford,M,1967-10-01,,zasavska,zaposlen,skupnost,6.1
Linda,Lane,Ž,1972-09-20,,gorenjska,brezposeln,poroèen,5
Melissa,Lopez,Ž,1982-01-08,1992-07-21,savinjska,pokojni,pokojni,7
Irene,Flores,Ž,1999-08-12,2013-10-18,primorsko-notranjska,pokojni,otrok,2
Lawrence,Lawson,M,1977-11-09,,obalno-kraška,zaposlen,loèen,5
Jessica,Meyer,Ž,1924-09-30,1946-05-28,posavska,pokojni,pokojni,3
Joseph,Ray,M,1981-04-13,,savinjska,brezposeln,poroèen,6.2
Keith,Elliott,M,2004-02-10,,obalno-kraška,OŠ,otrok,1
Bruce,Phillips,M,1940-09-12,,posavska,upokojen,samski,6.2
Steve,Henry,M,1924-11-14,1975-04-18,obalno-kraška,pokojni,pokojni,1
Victor,Hawkins,Ž,1949-01-22,2001-08-02,pomurska,pokojni,pokojni,4
Edward,Palmer,M,1924-01-07,2006-12-02,jugovzhodna Slovenija,pokojni,pokojni,4
Earl,Williams,Ž,1988-09-08,,zasavska,brezposeln,vdovel,5
Maria,Nichols,Ž,1969-12-09,,pomurska,zaposlen,loèen,3
Kenneth,Vasquez,Ž,1967-07-26,,podravska,brezposeln,vdovel,5
Pamela,Washington,Ž,1942-03-29,,zasavska,upokojen,vdovel,3
Terry,Foster,M,2003-06-07,,gorenjska,OŠ,otrok,1
Gregory,Harvey,M,1961-09-13,,zasavska,brezposeln,poroèen,3
Martin,Kelly,M,1949-01-23,1995-03-31,savinjska,pokojni,pokojni,2
Harry,Hunter,Ž,2009-10-12,,savinjska,OŠ,otrok,1
Ronald,Willis,Ž,1987-12-22,1992-11-04,gorenjska,pokojni,pokojni,2
Chris,Andrews,Ž,1934-07-29,,savinjska,upokojen,vdovel,3
Philip,Willis,M,1973-04-24,1983-02-20,osrednjeslovenska,pokojni,pokojni,1
Thomas,Schmidt,Ž,1937-02-18,,gorenjska,upokojen,samski,7
Ralph,Sims,Ž,1997-03-18,,jugovzhodna Slovenija,brezposeln,vdovel,3
Peter,Walker,Ž,1940-10-03,1976-08-26,zasavska,pokojni,pokojni,6.1
Wayne,Mcdonald,Ž,1937-09-07,,osrednjeslovenska,upokojen,loèen,5
Scott,Peters,Ž,1936-06-23,,obalno-kraška,upokojen,vdovel,3
Jane,Howard,Ž,1981-04-10,,primorsko-notranjska,brezposeln,poroèen,6.2
Melissa,Wells,Ž,1946-03-19,1968-12-07,gorenjska,pokojni,pokojni,4
Johnny,Morris,M,1958-06-26,,gorenjska,brezposeln,poroèen,3
Bruce,Bennett,M,1948-10-22,2012-01-18,posavska,pokojni,pokojni,6.2
Joshua,Lane,M,1959-08-03,,primorsko-notranjska,zaposlen,poroèen,5
Dennis,Mcdonald,M,1982-09-14,,posavska,zaposlen,loèen,8.2
John,Johnson,Ž,1943-02-04,,goriška,upokojen,skupnost,2
James,Ford,M,1924-01-31,,posavska,upokojen,skupnost,4
Russell,Owens,M,1998-08-17,,pomurska,SŠ,samski,2
Ronald,Riley,M,1998-08-08,,gorenjska,SŠ,vdovel,2
David,Chapman,Ž,1962-10-27,,gorenjska,brezposeln,skupnost,5
Bruce,Butler,M,1939-10-31,1992-05-16,koroška,pokojni,pokojni,1
David,Hart,M,1993-12-27,,jugovzhodna Slovenija,študent,vdovel,5
Justin,Walker,M,1976-12-17,,gorenjska,brezposeln,poroèen,2
Kenneth,Welch,M,1956-06-16,,jugovzhodna Slovenija,zaposlen,vdovel,6.2
Lori,Wood,Ž,1991-09-07,,pomurska,brezposeln,skupnost,1
Lori,Moreno,Ž,1978-04-09,,osrednjeslovenska,brezposeln,skupnost,7
Joe,Knight,M,1946-10-15,1992-05-02,zasavska,pokojni,pokojni,6.1
Harry,Harper,M,2002-05-18,,zasavska,OŠ,otrok,1
Harold,Mason,Ž,1920-06-29,,savinjska,upokojen,loèen,3
Johnny,Cunningham,M,1979-11-17,,obalno-kraška,zaposlen,loèen,5
Philip,Ryan,M,1953-12-17,,savinjska,zaposlen,loèen,3
Ronald,Perry,Ž,2014-09-14,,gorenjska,otrok,otrok,1
Edward,Gilbert,M,1984-02-21,,podravska,brezposeln,samski,2
Phyllis,Burke,Ž,1957-08-04,2016-03-28,posavska,pokojni,pokojni,1
Kenneth,Matthews,Ž,2016-08-24,,zasavska,otrok,otrok,1
Earl,Snyder,Ž,2003-03-07,,koroška,OŠ,otrok,1
Louis,Stevens,M,1957-04-02,1995-07-16,goriška,pokojni,pokojni,2
Willie,Cruz,Ž,1960-11-06,1973-04-27,posavska,pokojni,pokojni,2
Steven,Edwards,M,1985-10-02,,osrednjeslovenska,brezposeln,loèen,3
Eric,Anderson,Ž,1989-07-11,,savinjska,brezposeln,loèen,1
Annie,Green,Ž,1999-09-16,,obalno-kraška,SŠ,otrok,2
Paul,Fuller,M,1980-04-27,,savinjska,zaposlen,samski,6.2
Jerry,Gilbert,M,1933-12-22,1981-08-10,koroška,pokojni,pokojni,4
Nicholas,Collins,M,2013-11-19,,gorenjska,otrok,otrok,1
Justin,Martin,M,2005-04-11,,gorenjska,OŠ,otrok,1
Jonathan,Boyd,M,1966-09-04,,primorsko-notranjska,zaposlen,skupnost,3
Ralph,Rose,M,1948-01-24,,zasavska,upokojen,vdovel,5
Eugene,Ford,M,1952-05-30,,goriška,upokojen,loèen,3
Jimmy,Mccoy,M,1975-05-25,,gorenjska,brezposeln,skupnost,8.2
Albert,Ray,M,1975-09-08,,gorenjska,zaposlen,loèen,3
Pamela,Long,Ž,1990-02-06,,zasavska,zaposlen,samski,3
David,Berry,M,1921-07-08,,jugovzhodna Slovenija,upokojen,skupnost,4
Carolyn,Knight,Ž,1938-10-08,2013-06-24,osrednjeslovenska,pokojni,pokojni,5
Bonnie,Cunningham,Ž,1956-06-21,1963-03-24,osrednjeslovenska,pokojni,pokojni,8.1
Ernest,Johnson,M,2013-11-27,,savinjska,otrok,otrok,1
Victor,Turner,M,1959-02-07,,zasavska,zaposlen,samski,3
Terry,Bowman,M,1927-06-07,,zasavska,upokojen,samski,3
Jose,Wagner,Ž,2011-03-30,,gorenjska,otrok,otrok,1
Michael,Frazier,M,1962-07-30,1980-07-20,pomurska,pokojni,pokojni,7
Gerald,Murphy,M,2001-04-06,,jugovzhodna Slovenija,OŠ,otrok,1
Aaron,Mccoy,M,1975-02-08,,podravska,brezposeln,loèen,1
Nicholas,James,M,1935-02-06,,koroška,upokojen,loèen,6.1
Sharon,Warren,Ž,1968-07-03,,podravska,brezposeln,samski,8.2
Earl,Boyd,M,1922-03-29,,savinjska,upokojen,vdovel,2
Laura,Carpenter,Ž,1940-11-15,,osrednjeslovenska,upokojen,loèen,3
Ronald,Murphy,Ž,1974-12-20,1987-03-22,koroška,pokojni,pokojni,2
William,Rice,M,1935-08-01,1955-11-29,osrednjeslovenska,pokojni,pokojni,2
Fred,Austin,M,2008-04-11,,pomurska,OŠ,otrok,1
Bonnie,Porter,Ž,1933-11-20,,savinjska,upokojen,poroèen,4
Wayne,Kim,M,1984-02-08,,primorsko-notranjska,zaposlen,samski,4
Peter,Olson,Ž,1959-05-11,,obalno-kraška,zaposlen,samski,4
Martha,Lawrence,Ž,1922-11-24,,podravska,upokojen,samski,2
Phillip,Kennedy,Ž,1924-05-22,,pomurska,upokojen,samski,2
Lawrence,Gardner,M,1930-05-27,1989-12-26,gorenjska,pokojni,pokojni,5
Bruce,Stewart,Ž,1986-11-22,,koroška,brezposeln,samski,2
Russell,Hamilton,M,2005-01-24,2009-12-05,obalno-kraška,pokojni,otrok,1
Craig,Lynch,Ž,2001-10-20,,gorenjska,OŠ,otrok,1
Norma,Hunter,Ž,1952-01-26,,primorsko-notranjska,upokojen,poroèen,4
Russell,Stone,M,1955-10-31,,savinjska,zaposlen,skupnost,2
Randy,Bishop,M,1981-05-26,,goriška,brezposeln,skupnost,8.1
Anthony,Duncan,M,2005-07-03,,jugovzhodna Slovenija,OŠ,otrok,1
Ralph,Grant,M,1953-12-18,,pomurska,zaposlen,vdovel,6.2
Jose,Bowman,Ž,1986-08-18,,podravska,zaposlen,poroèen,6.2
Ralph,Stanley,M,1978-05-01,,zasavska,zaposlen,skupnost,4
Richard,Fisher,M,2001-11-17,,gorenjska,OŠ,otrok,1
Juan,Miller,M,1993-01-08,,zasavska,zaposlen,loèen,5
James,Ramos,Ž,1957-07-23,,goriška,zaposlen,poroèen,8.2
Tammy,Castillo,Ž,1979-02-15,,goriška,zaposlen,loèen,6.2
Carol,Ray,Ž,1925-06-04,,osrednjeslovenska,upokojen,skupnost,3
Mark,Wells,Ž,1994-09-12,,podravska,študent,vdovel,5
Lawrence,Peters,M,1935-02-07,1952-09-10,gorenjska,pokojni,pokojni,7
Karen,Barnes,Ž,1944-07-20,1944-10-16,jugovzhodna Slovenija,pokojni,pokojni,4
Jason,Romero,M,1998-07-09,,gorenjska,SŠ,skupnost,2
Robert,Morales,M,1993-02-28,,podravska,zaposlen,loèen,2
Adam,Hunter,M,1937-04-27,,jugovzhodna Slovenija,upokojen,skupnost,5
Craig,Bowman,M,1941-06-03,2002-11-21,savinjska,pokojni,pokojni,2
Donald,Wallace,Ž,1927-09-15,,goriška,upokojen,poroèen,5
Tammy,Young,Ž,1976-04-22,,obalno-kraška,brezposeln,loèen,5
Dorothy,Meyer,Ž,1979-12-23,1995-03-29,koroška,pokojni,pokojni,1
Jimmy,Barnes,M,1944-04-10,,savinjska,upokojen,vdovel,5
Elizabeth,Williamson,Ž,1936-05-24,1986-02-17,osrednjeslovenska,pokojni,pokojni,6.2
Robert,Walker,Ž,1972-11-02,,koroška,brezposeln,loèen,3
Aaron,Stewart,Ž,1990-08-08,,koroška,brezposeln,loèen,6.1
Christine,Ellis,Ž,1949-04-17,,posavska,upokojen,loèen,4
Ernest,Cruz,M,1939-03-26,1941-09-02,obalno-kraška,pokojni,pokojni,2
Brian,Kelly,M,1950-04-13,,zasavska,upokojen,loèen,1
Carlos,Allen,M,1938-09-27,,jugovzhodna Slovenija,upokojen,poroèen,3
Christina,Davis,Ž,2003-06-08,,koroška,OŠ,otrok,1
Aaron,Matthews,M,1929-12-29,,goriška,upokojen,samski,2
Christopher,Hayes,M,1947-08-24,1963-09-20,zasavska,pokojni,pokojni,6.1
Arthur,Berry,Ž,2005-12-25,,osrednjeslovenska,OŠ,otrok,1
William,Hernandez,Ž,1942-12-08,,koroška,upokojen,vdovel,8.1
Cynthia,James,Ž,1981-02-13,,primorsko-notranjska,brezposeln,vdovel,6.2
Walter,Rice,Ž,2000-10-18,,podravska,SŠ,otrok,2
Kevin,Watkins,M,1997-03-04,,koroška,zaposlen,skupnost,4
Daniel,Mills,Ž,1924-05-17,,osrednjeslovenska,upokojen,vdovel,2
Michael,Reynolds,M,1952-04-16,,posavska,upokojen,samski,4
Clarence,Torres,Ž,1937-12-17,,podravska,upokojen,poroèen,5
Carl,Richards,M,1961-09-19,,podravska,brezposeln,poroèen,4
Juan,Martin,Ž,1989-08-11,1991-03-30,savinjska,pokojni,pokojni,1
Michelle,Baker,Ž,1922-09-23,1969-06-02,primorsko-notranjska,pokojni,pokojni,4
George,Wood,Ž,1950-09-28,2010-08-30,zasavska,pokojni,pokojni,1
Laura,Riley,Ž,1958-09-04,2002-07-08,obalno-kraška,pokojni,pokojni,1
Justin,Harper,M,1929-11-16,1946-04-16,goriška,pokojni,pokojni,5
Todd,Robertson,M,1981-04-18,,primorsko-notranjska,brezposeln,poroèen,1
Annie,Robinson,Ž,1955-04-10,1957-08-05,gorenjska,pokojni,pokojni,6.2
John,Lane,Ž,2014-07-07,,goriška,otrok,otrok,1
Karen,Davis,Ž,1986-12-07,,savinjska,zaposlen,samski,7
Nicholas,Castillo,Ž,2003-09-04,,zasavska,OŠ,otrok,1
Nicole,Morales,Ž,1988-01-01,,primorsko-notranjska,študent,skupnost,5
Nancy,Meyer,Ž,1959-08-16,,koroška,zaposlen,samski,3
Johnny,Graham,Ž,1922-12-28,,primorsko-notranjska,upokojen,samski,5
Harry,Duncan,Ž,2003-05-09,,podravska,OŠ,otrok,1
Julie,Larson,Ž,1973-07-28,1987-04-08,goriška,pokojni,pokojni,3
Diana,Ward,Ž,1992-08-20,,koroška,zaposlen,skupnost,4
Peter,Duncan,Ž,1923-01-30,,savinjska,upokojen,skupnost,3
Ernest,Stanley,M,1949-06-07,,savinjska,upokojen,skupnost,4
Eric,Murray,M,1937-04-25,,posavska,upokojen,samski,6.2
Eric,Murphy,M,1954-09-12,,posavska,brezposeln,poroèen,3
Michelle,West,Ž,1971-07-16,,zasavska,brezposeln,samski,2
Stephen,Baker,M,1920-09-07,,podravska,upokojen,skupnost,6.2
David,Peterson,M,1956-10-25,1959-09-12,osrednjeslovenska,pokojni,pokojni,8.1
Melissa,Berry,Ž,1941-03-05,,obalno-kraška,upokojen,poroèen,4
Daniel,Brown,Ž,1975-07-06,,podravska,zaposlen,poroèen,6.1
Melissa,Jordan,Ž,1957-07-03,,savinjska,zaposlen,loèen,4
Richard,Washington,M,2005-04-08,,posavska,OŠ,otrok,1
Roy,Harper,M,1929-09-01,1998-07-24,jugovzhodna Slovenija,pokojni,pokojni,4
Albert,Howell,Ž,1955-04-23,1965-01-13,primorsko-notranjska,pokojni,pokojni,7
Larry,Watkins,M,2004-03-26,,savinjska,OŠ,otrok,1
Kenneth,Mcdonald,M,1965-04-02,,pomurska,zaposlen,poroèen,6.2
Johnny,Frazier,Ž,1978-09-30,,podravska,zaposlen,poroèen,5
Arthur,Long,M,1941-12-12,,goriška,upokojen,skupnost,4
Ruby,Fisher,Ž,1944-06-16,,posavska,upokojen,poroèen,1
Jerry,Harrison,M,1970-10-29,,savinjska,brezposeln,loèen,6.2
Louis,Carr,M,1959-04-16,2001-04-23,pomurska,pokojni,pokojni,7
Sara,Rose,Ž,1927-11-19,,goriška,upokojen,poroèen,3
Steve,Reed,M,1950-11-22,,jugovzhodna Slovenija,upokojen,skupnost,6.2
Jane,Roberts,Ž,1926-03-04,1946-01-28,obalno-kraška,pokojni,pokojni,3
Wayne,Ford,Ž,1939-02-24,,obalno-kraška,upokojen,skupnost,7
Martin,Morris,M,1979-07-09,,podravska,brezposeln,poroèen,2
Stephen,Gonzalez,M,1933-05-09,1980-05-03,goriška,pokojni,pokojni,6.2
Bonnie,Alvarez,Ž,1992-09-18,,savinjska,zaposlen,vdovel,2
Rachel,Moore,Ž,1938-12-28,,osrednjeslovenska,upokojen,vdovel,6.2
Douglas,Crawford,M,1950-08-26,,gorenjska,upokojen,skupnost,1
Nicholas,Myers,Ž,1958-12-17,1966-11-19,primorsko-notranjska,pokojni,pokojni,3
Phillip,Meyer,Ž,1942-06-20,,primorsko-notranjska,upokojen,loèen,5
Charles,Thompson,Ž,1927-06-25,,obalno-kraška,upokojen,skupnost,6.2
Charles,Boyd,Ž,1982-10-22,1998-10-06,pomurska,pokojni,pokojni,5
Thomas,Peters,M,1951-04-16,,goriška,upokojen,samski,4
Gregory,Howard,Ž,1965-06-16,,goriška,zaposlen,samski,4
Joe,Romero,Ž,1983-10-14,,podravska,zaposlen,samski,4
Daniel,Gutierrez,M,1995-09-16,,jugovzhodna Slovenija,brezposeln,skupnost,7
Juan,Nichols,M,1930-04-10,,savinjska,upokojen,vdovel,3
Roy,Montgomery,Ž,1950-02-11,,primorsko-notranjska,upokojen,loèen,2
Michael,Long,M,1937-11-22,1950-03-25,koroška,pokojni,pokojni,7
Raymond,Anderson,Ž,1966-01-17,,jugovzhodna Slovenija,brezposeln,vdovel,7
Brandon,Thompson,Ž,1955-10-03,,savinjska,zaposlen,samski,6.1
Gregory,Turner,Ž,1991-06-13,,posavska,brezposeln,loèen,5
Stephen,Reed,M,1959-01-27,,jugovzhodna Slovenija,brezposeln,poroèen,6.1
Samuel,Robertson,Ž,2013-04-25,,podravska,otrok,otrok,1
Kathy,Brooks,Ž,2008-09-18,,goriška,OŠ,otrok,1
Russell,Ford,M,1928-12-16,1960-09-11,obalno-kraška,pokojni,pokojni,4
Ashley,Nelson,Ž,2006-03-23,,pomurska,OŠ,otrok,1
Wayne,Wallace,Ž,1932-11-30,,primorsko-notranjska,upokojen,skupnost,4
Beverly,Robinson,Ž,1965-09-30,,koroška,brezposeln,loèen,5
Barbara,King,Ž,2005-07-03,,gorenjska,OŠ,otrok,1
Ronald,Gordon,M,1992-12-08,,gorenjska,študent,vdovel,5
Donald,Little,Ž,2008-11-02,,osrednjeslovenska,OŠ,otrok,1
Clarence,Robertson,Ž,1985-11-17,1987-11-08,obalno-kraška,pokojni,pokojni,1
Anthony,Sanchez,M,1968-01-24,,gorenjska,zaposlen,skupnost,5
Patrick,Oliver,M,1947-03-25,,posavska,upokojen,poroèen,2
Jeffrey,Campbell,Ž,1978-05-09,,pomurska,zaposlen,samski,3
Eugene,Elliott,M,1986-11-17,,koroška,brezposeln,loèen,4
Raymond,Chavez,Ž,1950-01-09,,osrednjeslovenska,upokojen,poroèen,6.1
Stephen,Owens,Ž,1957-05-14,,jugovzhodna Slovenija,brezposeln,poroèen,5
Richard,Hudson,M,1991-03-06,,obalno-kraška,zaposlen,loèen,2
Doris,Carpenter,Ž,1969-05-21,,goriška,zaposlen,vdovel,4
Victor,Mendoza,M,1979-01-25,,primorsko-notranjska,zaposlen,vdovel,6.2
Juan,Kim,M,1940-10-18,,obalno-kraška,upokojen,skupnost,6.1
Martin,Peterson,M,1931-11-18,,pomurska,upokojen,skupnost,7
Albert,Turner,Ž,1958-08-31,,posavska,brezposeln,vdovel,6.2
Sean,Jones,M,1942-06-22,1983-05-20,primorsko-notranjska,pokojni,pokojni,5
Wanda,Green,Ž,1996-05-05,,jugovzhodna Slovenija,študent,vdovel,5
Fred,Ross,M,1954-10-27,2011-07-24,zasavska,pokojni,pokojni,6.1
Sean,Morris,M,1964-09-02,,zasavska,zaposlen,skupnost,5
Jason,Lawrence,M,1971-07-07,,savinjska,brezposeln,vdovel,3
James,Rivera,M,1948-04-20,,jugovzhodna Slovenija,upokojen,loèen,7
Rachel,Schmidt,Ž,1923-03-12,1936-03-22,podravska,pokojni,pokojni,6.2
Harry,Morrison,M,1936-05-02,1965-09-11,jugovzhodna Slovenija,pokojni,pokojni,1
Jose,Austin,Ž,1942-08-12,,koroška,upokojen,samski,6.2
Martin,Riley,Ž,1971-12-01,,gorenjska,brezposeln,loèen,8.2
Robert,Williams,M,1941-03-10,1941-03-14,goriška,pokojni,pokojni,5
Albert,Mason,M,1952-10-10,,gorenjska,upokojen,skupnost,1
Ralph,Walker,Ž,1989-09-16,,koroška,brezposeln,skupnost,6.2
Dennis,Moore,Ž,1923-01-02,,gorenjska,upokojen,poroèen,6.2
Ann,Hernandez,Ž,1978-01-01,1984-08-28,goriška,pokojni,pokojni,3
Roy,Edwards,M,1926-11-12,,goriška,upokojen,vdovel,6.1
Clarence,Morales,M,1935-11-23,1956-01-31,pomurska,pokojni,pokojni,4
Carl,Weaver,Ž,1984-06-14,,posavska,brezposeln,poroèen,3
Jerry,Murphy,M,1950-09-30,,obalno-kraška,upokojen,vdovel,3
Matthew,Palmer,M,1955-02-28,,osrednjeslovenska,brezposeln,skupnost,7
Walter,Cox,M,1937-11-09,1957-02-02,posavska,pokojni,pokojni,6.1
Keith,Ramirez,M,1996-11-24,,savinjska,brezposeln,loèen,1
Gregory,Carr,M,1920-05-23,2004-03-18,osrednjeslovenska,pokojni,pokojni,6.2
Jose,Burke,Ž,1932-03-24,,savinjska,upokojen,samski,6.2
Aaron,Sims,M,1966-04-05,1981-12-24,goriška,pokojni,pokojni,5
John,Mcdonald,Ž,1926-12-29,1934-12-19,jugovzhodna Slovenija,pokojni,pokojni,4
Brandon,Wilson,Ž,1996-04-21,,goriška,brezposeln,skupnost,5
Annie,Ellis,Ž,1962-03-12,,posavska,brezposeln,poroèen,5
Joe,Anderson,Ž,2003-12-27,,podravska,OŠ,otrok,1
Jerry,Miller,M,1927-07-06,,gorenjska,upokojen,samski,3
Tammy,Sanders,Ž,1944-09-05,,posavska,upokojen,vdovel,6.1
Timothy,Perez,M,1964-05-04,,pomurska,brezposeln,skupnost,4
John,Reynolds,M,1937-04-21,,savinjska,upokojen,poroèen,6.1
Carlos,Gutierrez,M,1938-07-23,,koroška,upokojen,poroèen,6.2
Roger,Hayes,Ž,2001-08-05,2012-03-28,posavska,pokojni,otrok,1
Ruth,Hunter,Ž,2005-08-07,,zasavska,OŠ,otrok,1
Harold,Phillips,M,1962-09-06,,osrednjeslovenska,zaposlen,loèen,3
Willie,Franklin,M,1944-05-13,,gorenjska,upokojen,poroèen,1
Lawrence,Armstrong,Ž,1985-11-12,,gorenjska,zaposlen,skupnost,4
Debra,Gilbert,Ž,1962-09-09,,obalno-kraška,brezposeln,skupnost,5
Paul,Davis,Ž,1937-03-30,,posavska,upokojen,samski,5
Laura,Morales,Ž,1979-03-28,,goriška,zaposlen,poroèen,6.2
Jack,Hernandez,M,1993-03-10,,obalno-kraška,brezposeln,samski,7
Joseph,Carpenter,M,1924-04-23,,osrednjeslovenska,upokojen,vdovel,5
Louise,Hall,Ž,1931-06-15,2010-06-16,koroška,pokojni,pokojni,5
Eric,Thompson,M,1958-07-16,,podravska,brezposeln,vdovel,2
Billy,Medina,Ž,1964-05-28,1980-12-27,gorenjska,pokojni,pokojni,3
Kathy,Edwards,Ž,1920-07-04,2015-09-22,jugovzhodna Slovenija,pokojni,pokojni,5
Bruce,Pierce,M,1927-03-29,,zasavska,upokojen,poroèen,3
Keith,Mendoza,M,1932-09-07,,pomurska,upokojen,poroèen,4
Jeffrey,Tucker,M,1945-01-28,,gorenjska,upokojen,loèen,4
Robert,Cunningham,M,1928-05-01,1939-11-10,koroška,pokojni,pokojni,1
George,Wheeler,M,2004-06-11,,primorsko-notranjska,OŠ,otrok,1
Frank,Garcia,M,1984-09-04,,podravska,brezposeln,vdovel,3
Paul,Lane,M,1947-11-15,,gorenjska,upokojen,loèen,1
Earl,Hart,Ž,1929-02-04,,koroška,upokojen,vdovel,5
Arthur,Robertson,Ž,1988-09-16,2011-05-04,koroška,pokojni,pokojni,4
Douglas,Bell,M,1935-04-29,1983-08-13,jugovzhodna Slovenija,pokojni,pokojni,6.1
Michael,Cook,M,1950-01-18,,obalno-kraška,upokojen,loèen,4
Gregory,Walker,Ž,1957-06-09,1977-10-22,podravska,pokojni,pokojni,3
Roy,Dixon,M,1971-09-25,,primorsko-notranjska,zaposlen,vdovel,6.1
Daniel,Morales,M,1954-10-21,,zasavska,brezposeln,poroèen,6.1
Jane,Holmes,Ž,1965-07-11,,pomurska,zaposlen,vdovel,3
Justin,Butler,M,1977-09-11,,osrednjeslovenska,brezposeln,samski,3
Dennis,Hanson,Ž,1965-12-03,,savinjska,brezposeln,loèen,2
Paul,Lee,M,1924-02-04,,jugovzhodna Slovenija,upokojen,samski,6.2
Donald,Lynch,M,1962-12-14,,goriška,brezposeln,skupnost,2
Barbara,Wallace,Ž,1920-06-23,,pomurska,upokojen,loèen,3
Joyce,Johnston,Ž,1986-11-03,,primorsko-notranjska,zaposlen,loèen,6.2
Anthony,Hicks,M,1934-07-27,,osrednjeslovenska,upokojen,loèen,3
Fred,Dean,Ž,1933-06-24,1960-12-12,obalno-kraška,pokojni,pokojni,4
Annie,Knight,Ž,1936-01-22,1961-09-19,zasavska,pokojni,pokojni,2
Patrick,Ramos,M,2015-01-30,,podravska,otrok,otrok,1
Scott,Harris,Ž,1959-03-26,,posavska,zaposlen,samski,2
Howard,Montgomery,M,1976-01-29,,jugovzhodna Slovenija,zaposlen,vdovel,7
Randy,Ferguson,M,1965-04-27,,jugovzhodna Slovenija,brezposeln,vdovel,4
Marilyn,Richards,Ž,1933-03-03,1989-11-17,gorenjska,pokojni,pokojni,3
Wayne,Shaw,M,1996-12-01,,posavska,študent,samski,5
Juan,Carr,M,1996-11-13,,pomurska,zaposlen,skupnost,6.2
Joshua,Bennett,M,1968-03-21,,goriška,brezposeln,poroèen,4
John,Morrison,M,1965-12-21,,gorenjska,brezposeln,samski,3
Albert,King,Ž,1953-05-01,,obalno-kraška,brezposeln,skupnost,7
Ann,Stewart,Ž,1970-09-03,,obalno-kraška,zaposlen,poroèen,4
Mark,Fernandez,M,1993-09-20,,koroška,brezposeln,samski,7
Anna,Ortiz,Ž,1966-06-05,,pomurska,zaposlen,skupnost,2
Craig,Rodriguez,M,1921-05-26,1988-02-07,gorenjska,pokojni,pokojni,1
Carl,Ross,Ž,1992-11-06,,pomurska,brezposeln,samski,4
Alan,Spencer,M,1970-09-13,,obalno-kraška,zaposlen,skupnost,4
Timothy,Fox,M,1945-06-16,,podravska,upokojen,samski,6.2
Kenneth,Owens,M,1931-08-27,,savinjska,upokojen,poroèen,6.1
Phillip,Meyer,M,1952-10-27,,goriška,upokojen,loèen,3
Amanda,Perez,Ž,2005-08-08,,podravska,OŠ,otrok,1
Diane,Lane,Ž,1986-07-21,2002-05-07,jugovzhodna Slovenija,pokojni,pokojni,3
Jimmy,Banks,Ž,1969-03-08,,zasavska,zaposlen,poroèen,5
Adam,Hunt,M,1936-01-18,,pomurska,upokojen,poroèen,6.1
Gregory,Bowman,M,1978-06-20,,pomurska,zaposlen,poroèen,3
Jason,Davis,M,1998-11-25,,obalno-kraška,SŠ,vdovel,2
Brian,Kelly,M,1969-12-10,,primorsko-notranjska,zaposlen,loèen,3
Benjamin,Weaver,Ž,1975-11-06,,obalno-kraška,zaposlen,vdovel,2
Wayne,Diaz,Ž,1947-01-14,,savinjska,upokojen,poroèen,6.2
Gerald,Turner,M,2005-07-08,,obalno-kraška,OŠ,otrok,1
Keith,Taylor,Ž,1958-05-05,,zasavska,zaposlen,samski,1
William,Gonzalez,Ž,1940-09-19,,jugovzhodna Slovenija,upokojen,skupnost,2
Timothy,Crawford,M,1995-05-27,,savinjska,študent,vdovel,5
Heather,Alexander,Ž,1976-06-11,,posavska,brezposeln,loèen,3
Sean,Larson,Ž,1983-10-29,,goriška,brezposeln,poroèen,6.1
Teresa,Andrews,Ž,1947-04-17,1995-02-08,pomurska,pokojni,pokojni,2
Charles,Owens,M,1993-02-10,,zasavska,študent,samski,5
Donald,Powell,M,1939-04-21,,posavska,upokojen,poroèen,2
Kenneth,Fuller,M,1967-03-13,2002-11-27,primorsko-notranjska,pokojni,pokojni,4
Kathryn,Wheeler,Ž,1953-07-26,1958-02-24,zasavska,pokojni,pokojni,4
John,King,M,1951-08-24,,podravska,upokojen,samski,6.1
Judith,Carpenter,Ž,1967-02-14,,goriška,zaposlen,samski,6.2
Charles,Murphy,M,2000-08-23,,obalno-kraška,SŠ,otrok,2
Thomas,Freeman,M,1983-10-06,,pomurska,zaposlen,skupnost,4
Diane,Washington,Ž,1973-05-27,,gorenjska,brezposeln,loèen,6.2
Clarence,Dean,Ž,1987-10-06,,obalno-kraška,zaposlen,samski,3
James,Little,M,1976-11-18,2003-11-18,goriška,pokojni,pokojni,4
Bobby,Garrett,M,1968-12-06,,zasavska,brezposeln,loèen,4
Nicholas,Foster,M,1922-06-26,,koroška,upokojen,vdovel,3
Jeremy,Moreno,Ž,2011-01-12,,obalno-kraška,otrok,otrok,1
Antonio,Morrison,M,1974-10-26,,posavska,brezposeln,vdovel,3
Jose,Marshall,M,1972-05-31,,goriška,brezposeln,loèen,5
Jane,Phillips,Ž,2003-01-12,,savinjska,OŠ,otrok,1
Jimmy,Reed,M,1942-12-17,,osrednjeslovenska,upokojen,loèen,6.1
Robin,Henry,Ž,1949-08-13,,pomurska,upokojen,poroèen,2
Lillian,Johnston,Ž,1951-11-01,,gorenjska,upokojen,poroèen,4
Andrea,Lopez,Ž,1956-12-26,,savinjska,zaposlen,skupnost,1
Raymond,Matthews,Ž,1946-08-26,,podravska,upokojen,loèen,3
Juan,Bryant,M,1950-01-25,,gorenjska,upokojen,samski,8.2
Bruce,Edwards,M,1933-12-09,,goriška,upokojen,skupnost,6.2
Gary,James,M,2015-02-25,,savinjska,otrok,otrok,1
Nicholas,Mcdonald,Ž,1969-08-02,,gorenjska,zaposlen,poroèen,7
Robert,Schmidt,M,1965-12-01,1972-03-23,posavska,pokojni,pokojni,5
Jack,Gordon,Ž,1965-11-04,,obalno-kraška,zaposlen,vdovel,6.1
Wanda,Jordan,Ž,1967-06-09,1984-01-28,obalno-kraška,pokojni,pokojni,6.1
Christine,Marshall,Ž,1996-03-24,,osrednjeslovenska,študent,poroèen,5
Stephen,Ruiz,Ž,1994-05-19,2015-11-26,osrednjeslovenska,pokojni,pokojni,6.2
Christopher,Alvarez,M,1921-12-18,,osrednjeslovenska,upokojen,samski,3
Shawn,Rice,M,1968-02-19,,koroška,brezposeln,samski,5
Theresa,Scott,Ž,1946-09-16,1948-09-18,savinjska,pokojni,pokojni,3
Carl,Elliott,Ž,1960-12-17,,gorenjska,brezposeln,samski,3
Edward,Mason,Ž,1984-07-03,2003-05-10,zasavska,pokojni,pokojni,2
Ronald,Marshall,M,1952-01-21,,koroška,upokojen,vdovel,5
Ann,Owens,Ž,1978-10-27,,zasavska,zaposlen,samski,4
Stephen,Austin,M,1923-02-11,,gorenjska,upokojen,samski,5
Billy,Gordon,Ž,1921-05-03,1977-06-03,goriška,pokojni,pokojni,1
Terry,Rice,M,1978-01-19,,koroška,brezposeln,skupnost,3
Stephen,Griffin,M,1930-08-03,,savinjska,upokojen,loèen,4
Andrew,Martin,M,1973-04-10,1985-02-04,primorsko-notranjska,pokojni,pokojni,6.2
Carl,Moore,M,1988-05-19,,podravska,študent,loèen,5
Sandra,Cunningham,Ž,1994-10-07,2009-10-15,primorsko-notranjska,pokojni,pokojni,5
Douglas,Gonzalez,M,1985-08-04,,podravska,brezposeln,samski,4
Henry,Washington,M,1993-06-13,,primorsko-notranjska,brezposeln,poroèen,5
Amy,Powell,Ž,1931-05-10,,primorsko-notranjska,upokojen,samski,8.1
Christina,Powell,Ž,2007-10-06,,koroška,OŠ,otrok,1
Mark,Hughes,M,1951-03-07,1990-03-30,pomurska,pokojni,pokojni,4
Nicholas,Collins,Ž,1950-08-02,2007-03-29,posavska,pokojni,pokojni,4
Russell,Grant,M,1925-11-27,,pomurska,upokojen,loèen,5
Albert,Allen,Ž,1962-06-08,,koroška,zaposlen,poroèen,3
Brandon,Hill,Ž,2002-10-02,,podravska,OŠ,otrok,1
Jack,Medina,Ž,1925-06-28,,savinjska,upokojen,loèen,5
Paul,Reid,M,2001-04-12,,savinjska,OŠ,otrok,1
Lawrence,Rodriguez,Ž,1945-11-18,1964-10-04,posavska,pokojni,pokojni,6.2
Lawrence,Cole,M,2016-11-17,,jugovzhodna Slovenija,otrok,otrok,1
Nicholas,Phillips,Ž,1920-02-22,,pomurska,upokojen,vdovel,6.1
Laura,Walker,Ž,1947-12-31,,savinjska,upokojen,skupnost,6.1
Joe,White,M,1938-07-27,1940-04-09,primorsko-notranjska,pokojni,pokojni,1
Michael,Jenkins,Ž,1966-01-03,,zasavska,brezposeln,vdovel,5
Johnny,Foster,M,1922-12-13,2001-01-22,goriška,pokojni,pokojni,3
Douglas,Oliver,Ž,1988-05-31,,obalno-kraška,zaposlen,poroèen,8.1
Edward,Rivera,M,1922-04-13,,primorsko-notranjska,upokojen,poroèen,2
Carl,Morrison,Ž,1925-04-04,,koroška,upokojen,vdovel,6.1
Carol,Castillo,Ž,1920-05-05,,savinjska,upokojen,poroèen,3
Karen,Wells,Ž,1988-07-06,,gorenjska,študent,samski,5
Jeremy,Stephens,M,1964-09-08,,koroška,brezposeln,samski,5
Anthony,Allen,Ž,1986-08-22,,savinjska,zaposlen,poroèen,7
Philip,Cole,M,1960-03-27,2013-01-16,pomurska,pokojni,pokojni,6.2
Keith,James,Ž,1964-10-02,,gorenjska,brezposeln,skupnost,2
John,Perry,Ž,1936-07-27,,obalno-kraška,upokojen,poroèen,4
Jack,Diaz,Ž,1931-05-04,1961-07-12,obalno-kraška,pokojni,pokojni,4
Stephen,Meyer,M,1961-12-27,,primorsko-notranjska,brezposeln,poroèen,2
Nicholas,Reid,Ž,2010-10-08,,jugovzhodna Slovenija,OŠ,otrok,1
Louise,Kennedy,Ž,1974-10-05,,jugovzhodna Slovenija,zaposlen,poroèen,3
Alan,Hayes,M,1955-09-08,,gorenjska,zaposlen,vdovel,4
Sandra,Boyd,Ž,1974-03-26,,obalno-kraška,zaposlen,skupnost,4
Ryan,Chavez,M,1989-06-26,,koroška,brezposeln,vdovel,5
Benjamin,Porter,M,1946-10-23,,osrednjeslovenska,upokojen,poroèen,6.1
Edward,Miller,Ž,1970-09-25,2001-07-09,osrednjeslovenska,pokojni,pokojni,6.1
Phillip,Howell,Ž,1991-06-02,1996-09-12,podravska,pokojni,pokojni,4
Carl,Walker,Ž,1946-12-09,1957-02-21,podravska,pokojni,pokojni,5
Paul,Phillips,M,1929-07-18,,pomurska,upokojen,skupnost,6.1
Jose,Schmidt,M,1926-10-23,,gorenjska,upokojen,skupnost,6.1
Larry,Sims,M,2011-01-16,,gorenjska,otrok,otrok,1
Ryan,Johnston,M,1974-12-17,1975-01-06,podravska,pokojni,pokojni,6.2
Walter,Ferguson,M,1986-09-11,,goriška,zaposlen,skupnost,5
Daniel,Mills,M,1945-02-21,,posavska,upokojen,skupnost,2
Kathryn,Little,Ž,1920-12-01,1996-03-09,obalno-kraška,pokojni,pokojni,5
Roger,Young,Ž,1934-10-05,,koroška,upokojen,vdovel,8.1
John,Day,M,1947-11-27,,jugovzhodna Slovenija,upokojen,loèen,4
Frank,Bell,M,1995-02-20,,jugovzhodna Slovenija,zaposlen,samski,7
Gary,Powell,M,1970-01-19,,koroška,zaposlen,skupnost,3
Arthur,Fernandez,Ž,1950-08-15,,jugovzhodna Slovenija,upokojen,loèen,5
Angela,Murray,Ž,1978-10-31,,savinjska,zaposlen,loèen,2
Lawrence,Thompson,Ž,1933-08-14,,goriška,upokojen,vdovel,4
Eric,Cox,Ž,1942-01-01,,pomurska,upokojen,poroèen,2
Matthew,Arnold,M,1921-09-21,1965-06-18,koroška,pokojni,pokojni,5
Brian,Peterson,M,1969-03-25,,gorenjska,brezposeln,skupnost,1
Anthony,Martinez,M,1959-09-23,,jugovzhodna Slovenija,brezposeln,samski,4
Christopher,Garcia,M,1952-01-06,,osrednjeslovenska,upokojen,skupnost,5
Billy,Washington,Ž,1920-09-22,,podravska,upokojen,vdovel,2
Jeffrey,Weaver,Ž,2004-10-15,2007-12-11,osrednjeslovenska,pokojni,otrok,1
Charles,Evans,Ž,1934-04-27,1941-12-12,obalno-kraška,pokojni,pokojni,2
Jerry,Lewis,Ž,1933-07-17,,zasavska,upokojen,poroèen,6.1
Barbara,Taylor,Ž,1932-02-26,,pomurska,upokojen,vdovel,3
Alice,Ward,Ž,1986-01-18,,posavska,zaposlen,poroèen,4
Larry,Fox,Ž,1952-11-28,1961-08-31,zasavska,pokojni,pokojni,7
Terry,Ross,M,1941-02-05,1968-12-20,pomurska,pokojni,pokojni,5
Phillip,Burns,Ž,1928-02-18,1959-04-06,pomurska,pokojni,pokojni,2
Evelyn,Parker,Ž,2005-03-10,,jugovzhodna Slovenija,OŠ,otrok,1
Paul,Dunn,M,1985-03-27,,jugovzhodna Slovenija,brezposeln,poroèen,3
Judy,Alexander,Ž,1949-05-29,,koroška,upokojen,poroèen,5
Ralph,Lee,Ž,1956-08-22,,koroška,brezposeln,poroèen,5
Juan,Parker,M,2000-08-14,,obalno-kraška,SŠ,otrok,2
Bonnie,Ellis,Ž,1927-08-22,,posavska,upokojen,samski,4
Jessica,Garrett,Ž,2007-11-16,,goriška,OŠ,otrok,1
Shawn,Rice,M,2005-03-11,,koroška,OŠ,otrok,1
Martin,Carr,M,1994-07-31,,obalno-kraška,študent,samski,5
Peter,Powell,M,1930-01-26,,zasavska,upokojen,loèen,4
Billy,Bailey,M,1930-11-13,,podravska,upokojen,loèen,6.1
Jose,Davis,Ž,1978-02-23,2001-10-25,posavska,pokojni,pokojni,4
Donald,West,M,1927-11-15,,pomurska,upokojen,vdovel,2
Larry,Clark,M,1985-08-29,,savinjska,brezposeln,vdovel,6.2
Johnny,Mccoy,M,1947-09-19,,posavska,upokojen,vdovel,6.1
David,Bishop,Ž,1995-07-18,,zasavska,študent,loèen,5
Martin,Stone,M,1989-03-15,,posavska,študent,samski,5
Wanda,Garza,Ž,1945-12-14,,posavska,upokojen,poroèen,5
Donald,Lane,M,2003-01-16,,gorenjska,OŠ,otrok,1
Harry,Black,M,1963-10-07,,koroška,brezposeln,vdovel,4
Raymond,Weaver,M,2016-02-07,,gorenjska,otrok,otrok,1
Todd,Hanson,M,1981-02-21,,osrednjeslovenska,brezposeln,skupnost,6.1
Susan,Stewart,Ž,1956-10-03,,obalno-kraška,brezposeln,samski,2
Todd,Baker,M,1960-03-05,,gorenjska,brezposeln,samski,5
Fred,West,M,1954-02-20,,gorenjska,zaposlen,vdovel,3
Joe,Hanson,M,1976-01-01,,goriška,zaposlen,poroèen,4
Clarence,Hawkins,M,2000-08-25,,posavska,SŠ,otrok,2
Billy,Graham,Ž,1985-10-08,,osrednjeslovenska,zaposlen,samski,7
Mark,Gibson,Ž,1927-01-22,,osrednjeslovenska,upokojen,poroèen,1
Wayne,Alexander,M,1957-01-18,,podravska,brezposeln,poroèen,4
Keith,Long,M,2001-01-24,,osrednjeslovenska,OŠ,otrok,1
Johnny,Garza,M,1928-03-18,,osrednjeslovenska,upokojen,poroèen,8.2
Martin,Evans,M,1954-03-08,,posavska,zaposlen,skupnost,3
Linda,Ross,Ž,1921-07-24,,goriška,upokojen,vdovel,6.1
Samuel,Hanson,M,1921-03-26,,koroška,upokojen,loèen,4
Wanda,Rivera,Ž,1980-01-08,,savinjska,brezposeln,samski,4
Heather,Jones,Ž,2004-06-27,,zasavska,OŠ,otrok,1
Andrew,Grant,Ž,1937-07-25,1951-06-10,koroška,pokojni,pokojni,6.2
Wayne,Rogers,M,1931-05-01,,osrednjeslovenska,upokojen,loèen,6.1
Brandon,Perry,Ž,2010-06-11,,jugovzhodna Slovenija,OŠ,otrok,1
Kevin,Dean,M,2012-03-12,,goriška,otrok,otrok,1
Roger,Jordan,Ž,1958-08-12,1993-09-28,gorenjska,pokojni,pokojni,3
Anthony,Andrews,M,1998-03-21,,obalno-kraška,SŠ,samski,2
Heather,Berry,Ž,1951-01-19,,posavska,upokojen,skupnost,6.1
Brian,Burke,Ž,1951-08-03,1991-09-20,pomurska,pokojni,pokojni,3
Craig,Price,Ž,1988-10-16,,osrednjeslovenska,študent,samski,5
Stephanie,Olson,Ž,1992-07-02,1998-12-17,zasavska,pokojni,pokojni,5
Ernest,Fields,M,1958-04-22,1978-08-09,osrednjeslovenska,pokojni,pokojni,2
Michael,Hunter,M,2016-05-09,,obalno-kraška,otrok,otrok,1
Larry,Lawson,M,1952-08-02,,jugovzhodna Slovenija,upokojen,samski,6.2
Randy,Hicks,Ž,1927-05-06,,osrednjeslovenska,upokojen,vdovel,6.1
Denise,Bennett,Ž,2005-12-23,,jugovzhodna Slovenija,OŠ,otrok,1
Joshua,Bailey,Ž,1972-01-16,1985-09-14,zasavska,pokojni,pokojni,6.1
Sandra,Perkins,Ž,1993-05-26,,obalno-kraška,zaposlen,samski,6.1
Carol,Wagner,Ž,1992-06-26,,posavska,zaposlen,vdovel,6.1
Margaret,Riley,Ž,1949-01-12,,obalno-kraška,upokojen,loèen,3
Beverly,Gray,Ž,1921-10-07,1928-02-29,pomurska,pokojni,pokojni,1
Victor,Duncan,M,1952-10-21,1970-05-13,pomurska,pokojni,pokojni,1
Cheryl,Lawson,Ž,1942-10-07,,zasavska,upokojen,loèen,6.2
Jimmy,Moore,Ž,1937-12-31,,posavska,upokojen,vdovel,5
Carol,Black,Ž,2013-02-24,,goriška,otrok,otrok,1
Jimmy,Kelley,Ž,1980-05-04,1985-10-26,primorsko-notranjska,pokojni,pokojni,6.1
Bruce,Holmes,M,1972-02-07,,primorsko-notranjska,brezposeln,skupnost,5
Timothy,Wright,Ž,1949-12-13,,jugovzhodna Slovenija,upokojen,skupnost,5
Donald,Howard,M,1921-03-05,,zasavska,upokojen,vdovel,8.2
Eugene,Burke,M,1998-02-15,,zasavska,SŠ,vdovel,2
Thomas,Burns,Ž,1985-09-04,,podravska,brezposeln,samski,5
Jonathan,Gutierrez,Ž,1929-02-13,,osrednjeslovenska,upokojen,skupnost,4
Fred,Harvey,M,1945-06-05,,pomurska,upokojen,loèen,8.2
Randy,Ferguson,M,1989-03-09,,zasavska,zaposlen,skupnost,5
Stephen,Graham,M,1923-02-26,1991-09-07,savinjska,pokojni,pokojni,4
Brenda,Jordan,Ž,1937-11-01,,gorenjska,upokojen,poroèen,2
Tina,Gibson,Ž,1968-06-26,,pomurska,zaposlen,loèen,8.2
Albert,Daniels,M,1946-03-11,1974-11-10,jugovzhodna Slovenija,pokojni,pokojni,3
Arthur,Cox,M,1978-01-09,,primorsko-notranjska,brezposeln,skupnost,7
Brian,Peterson,Ž,1974-11-16,,obalno-kraška,brezposeln,loèen,6.2
Philip,Robertson,M,1948-07-14,,posavska,upokojen,vdovel,4
Jean,Hunter,Ž,1967-03-18,,zasavska,brezposeln,poroèen,2
Roy,Clark,Ž,1938-12-31,,gorenjska,upokojen,samski,6.1
Kimberly,Hart,Ž,1965-07-13,,savinjska,zaposlen,vdovel,5
Joseph,Chapman,M,1926-10-26,,goriška,upokojen,skupnost,4
Gregory,Henry,Ž,1947-07-25,1998-02-26,savinjska,pokojni,pokojni,4
Tina,Woods,Ž,1998-09-19,,savinjska,SŠ,samski,2
Janice,Grant,Ž,1964-10-03,,obalno-kraška,brezposeln,poroèen,2
James,Cruz,M,1999-11-28,,zasavska,SŠ,otrok,2
Margaret,Davis,Ž,1964-09-10,2014-01-30,zasavska,pokojni,pokojni,4
Sean,Evans,M,1979-01-26,,zasavska,zaposlen,loèen,1
Jose,Ward,M,2003-02-18,,podravska,OŠ,otrok,1
Bruce,Frazier,Ž,1983-06-30,,savinjska,brezposeln,poroèen,3
Steve,George,Ž,1982-01-08,,gorenjska,zaposlen,loèen,3
Jesse,Howell,M,1974-05-22,,podravska,zaposlen,samski,4
John,Moreno,Ž,1935-05-14,,jugovzhodna Slovenija,upokojen,poroèen,2
Martha,Hansen,Ž,1968-01-11,,savinjska,brezposeln,skupnost,6.1
Louis,Welch,M,1931-03-17,,pomurska,upokojen,samski,5
Douglas,Chavez,M,1940-07-31,,posavska,upokojen,samski,3
Jerry,Rodriguez,M,2013-11-19,,goriška,otrok,otrok,1
Jose,Wright,M,1957-12-11,2006-10-05,goriška,pokojni,pokojni,5
Diane,Alexander,Ž,1956-03-21,,jugovzhodna Slovenija,brezposeln,vdovel,3
Susan,Williams,Ž,1921-01-02,,osrednjeslovenska,upokojen,poroèen,5
Steve,Spencer,M,1973-02-17,,jugovzhodna Slovenija,zaposlen,vdovel,5
Earl,Chavez,M,1961-02-22,,posavska,brezposeln,vdovel,1
Jean,Cox,Ž,1950-04-09,,zasavska,upokojen,vdovel,6.1
Katherine,Franklin,Ž,2012-02-10,,pomurska,otrok,otrok,1
Timothy,Vasquez,Ž,1923-07-06,1958-11-22,posavska,pokojni,pokojni,3
Kimberly,Thomas,Ž,1975-10-11,,gorenjska,brezposeln,skupnost,6.2
Jeffrey,Woods,Ž,1977-03-19,,jugovzhodna Slovenija,brezposeln,samski,3
Eric,Rice,M,1991-02-21,,primorsko-notranjska,zaposlen,samski,6.2
Michael,Ross,M,2011-04-10,,jugovzhodna Slovenija,otrok,otrok,1
William,Green,Ž,1998-05-17,,jugovzhodna Slovenija,SŠ,vdovel,2
Philip,Ford,M,1961-05-03,,obalno-kraška,brezposeln,skupnost,6.2
Julia,Rogers,Ž,1975-08-07,,goriška,zaposlen,samski,5
Carlos,Powell,Ž,1947-05-18,,posavska,upokojen,loèen,5
Patrick,Ruiz,M,1938-10-16,,primorsko-notranjska,upokojen,poroèen,1
Anne,Ellis,Ž,1924-03-21,,gorenjska,upokojen,poroèen,1
Victor,Andrews,M,1959-10-06,,pomurska,brezposeln,vdovel,8.1
Lillian,Brooks,Ž,1978-02-06,,gorenjska,zaposlen,skupnost,4
Angela,Oliver,Ž,2005-08-08,,goriška,OŠ,otrok,1
Jason,Lynch,M,1948-01-19,,podravska,upokojen,loèen,4
Evelyn,Lawrence,Ž,2000-09-12,2015-11-20,podravska,pokojni,otrok,2
Justin,Holmes,M,1938-09-01,,zasavska,upokojen,loèen,5
Ann,Torres,Ž,1982-07-25,,gorenjska,brezposeln,poroèen,6.2
Brandon,Rivera,Ž,1922-03-21,,podravska,upokojen,skupnost,5
Harold,Rivera,Ž,1993-03-30,,gorenjska,študent,vdovel,5
Craig,Phillips,M,1941-03-13,,gorenjska,upokojen,skupnost,4
Pamela,Gardner,Ž,1978-06-17,2013-11-24,zasavska,pokojni,pokojni,6.1
Cheryl,Boyd,Ž,1920-06-17,1931-03-21,gorenjska,pokojni,pokojni,3
Steven,Lynch,M,1936-01-09,,savinjska,upokojen,loèen,8.1
Kenneth,Franklin,M,1986-05-07,,osrednjeslovenska,brezposeln,vdovel,4
Judy,Bowman,Ž,1987-10-20,,savinjska,brezposeln,loèen,5
Douglas,Perez,Ž,2006-11-28,,gorenjska,OŠ,otrok,1
Larry,Kim,Ž,1943-05-20,,savinjska,upokojen,vdovel,5
Jimmy,Banks,M,1969-04-17,,primorsko-notranjska,brezposeln,skupnost,8.2
Eric,Hanson,M,1956-07-29,,zasavska,zaposlen,loèen,5
Jerry,Jordan,M,1931-02-06,,pomurska,upokojen,poroèen,4
Keith,Day,M,1920-09-25,1948-03-05,podravska,pokojni,pokojni,4
Andrea,Mendoza,Ž,1961-03-27,,primorsko-notranjska,zaposlen,poroèen,3
Joe,Freeman,M,1982-12-18,,goriška,zaposlen,samski,8.1
Gloria,Stevens,Ž,1928-09-20,,zasavska,upokojen,vdovel,3
Charles,Fox,Ž,1941-09-15,,goriška,upokojen,poroèen,8.2
Wanda,Howell,Ž,1924-07-29,,pomurska,upokojen,samski,4
Harold,Armstrong,M,1971-11-29,,zasavska,zaposlen,samski,3
Howard,Stevens,M,2014-03-07,,gorenjska,otrok,otrok,1
Mark,Bishop,Ž,1922-06-20,,koroška,upokojen,samski,4
Stephanie,Hayes,Ž,1922-07-26,,jugovzhodna Slovenija,upokojen,samski,5
Sandra,Flores,Ž,1985-03-04,,podravska,zaposlen,samski,6.2
Donald,Gray,M,1946-03-01,2013-03-04,obalno-kraška,pokojni,pokojni,3
Jennifer,Franklin,Ž,1927-09-04,,savinjska,upokojen,loèen,3
Scott,Bryant,M,1930-08-02,,posavska,upokojen,poroèen,6.2
Antonio,Reyes,M,1992-03-31,,zasavska,študent,poroèen,5
Fred,Rivera,M,1944-05-22,2013-10-02,obalno-kraška,pokojni,pokojni,5
Julie,Watkins,Ž,1974-04-09,,primorsko-notranjska,brezposeln,samski,2
Harold,Peterson,M,1962-03-06,,gorenjska,brezposeln,loèen,2
Harry,Carroll,M,1948-12-30,,jugovzhodna Slovenija,upokojen,samski,8.2
Chris,Bailey,M,1946-05-21,,jugovzhodna Slovenija,upokojen,samski,3
Craig,Lawson,M,1958-01-12,,zasavska,zaposlen,vdovel,6.2
Wayne,Wells,M,1990-09-05,,gorenjska,študent,vdovel,5
Jacqueline,Bell,Ž,2016-09-18,,jugovzhodna Slovenija,otrok,otrok,1
Rose,White,Ž,1928-01-07,,obalno-kraška,upokojen,loèen,6.2
Christopher,Torres,Ž,1972-10-01,,koroška,brezposeln,samski,4
Evelyn,Carr,Ž,1994-08-05,,savinjska,študent,vdovel,5
Bobby,Powell,M,1928-04-25,,zasavska,upokojen,vdovel,3
Richard,Welch,M,1941-06-19,,savinjska,upokojen,vdovel,1
Peter,Ray,M,1995-09-11,,koroška,brezposeln,skupnost,3
Philip,Hughes,M,1995-03-14,,posavska,brezposeln,skupnost,5
Willie,Coleman,M,1944-08-18,,zasavska,upokojen,vdovel,8.1
Kevin,Foster,M,1947-04-13,,savinjska,upokojen,vdovel,5
Eugene,Cunningham,M,1986-08-15,,gorenjska,brezposeln,loèen,3
Jennifer,Crawford,Ž,1980-04-16,,obalno-kraška,zaposlen,samski,6.2
Jonathan,Rodriguez,M,1930-07-06,,posavska,upokojen,poroèen,3
Kevin,King,M,1972-04-23,,jugovzhodna Slovenija,brezposeln,samski,4
Jean,Robinson,Ž,1981-05-07,,podravska,zaposlen,skupnost,6.1
Martin,Lopez,M,1942-01-08,1951-10-19,jugovzhodna Slovenija,pokojni,pokojni,5
Norma,Russell,Ž,1925-05-07,,obalno-kraška,upokojen,vdovel,6.2
Harry,Berry,M,1933-10-13,,posavska,upokojen,samski,4
Beverly,Lynch,Ž,1979-02-01,,zasavska,zaposlen,loèen,5
Aaron,Fernandez,Ž,1982-11-11,,jugovzhodna Slovenija,brezposeln,skupnost,6.2
Amanda,Mcdonald,Ž,1926-06-01,,posavska,upokojen,samski,2
Stephanie,Duncan,Ž,1968-11-24,,zasavska,brezposeln,skupnost,2
Adam,Moreno,M,1932-08-27,,primorsko-notranjska,upokojen,skupnost,6.1
Anthony,Payne,M,1931-08-25,,obalno-kraška,upokojen,samski,3
Joseph,Collins,M,1937-06-24,,savinjska,upokojen,loèen,3
Joseph,Washington,M,1926-10-16,1994-09-16,zasavska,pokojni,pokojni,6.2
Jeremy,Arnold,M,2014-06-26,,posavska,otrok,otrok,1
Thomas,Bishop,M,1954-10-07,,savinjska,zaposlen,loèen,3
Clarence,Reed,Ž,1987-03-05,2014-06-27,savinjska,pokojni,pokojni,5
Nicholas,Meyer,Ž,1953-07-29,,koroška,brezposeln,vdovel,4
Howard,Medina,M,1928-02-18,,zasavska,upokojen,vdovel,3
Shirley,Ortiz,Ž,1988-04-30,,primorsko-notranjska,zaposlen,vdovel,7
Stephen,Stewart,Ž,1954-05-16,,posavska,brezposeln,vdovel,3
Jose,Baker,Ž,1924-02-23,,podravska,upokojen,poroèen,6.2
Ryan,Perry,M,2003-08-27,,goriška,OŠ,otrok,1
Shawn,Murray,M,1941-04-12,2003-04-16,koroška,pokojni,pokojni,2
Willie,Martin,M,2007-02-03,,pomurska,OŠ,otrok,1
Joshua,Oliver,M,2008-10-05,,obalno-kraška,OŠ,otrok,1
Denise,Hall,Ž,1950-11-16,1958-01-13,goriška,pokojni,pokojni,4
Thomas,Welch,M,1990-02-23,,goriška,brezposeln,loèen,4
Deborah,Owens,Ž,1932-09-01,,podravska,upokojen,poroèen,3
Patrick,Dixon,M,1923-06-28,,jugovzhodna Slovenija,upokojen,skupnost,4
Patrick,Moore,Ž,1973-05-01,,posavska,zaposlen,loèen,3
Michael,Pierce,M,1950-12-15,2009-08-28,gorenjska,pokojni,pokojni,4
Julie,Stephens,Ž,1959-01-04,1962-11-05,savinjska,pokojni,pokojni,2
Justin,Kim,M,1925-02-01,,obalno-kraška,upokojen,poroèen,3
Nicholas,Vasquez,Ž,2005-01-01,,obalno-kraška,OŠ,otrok,1
Bobby,Pierce,M,2010-11-20,,pomurska,OŠ,otrok,1
Randy,Anderson,M,2014-07-21,,goriška,otrok,otrok,1
Evelyn,Mendoza,Ž,1940-06-28,,koroška,upokojen,vdovel,5
Victor,Marshall,Ž,1978-10-19,,savinjska,brezposeln,skupnost,7
Patrick,Hart,M,1944-04-18,,obalno-kraška,upokojen,vdovel,6.2
Howard,Patterson,Ž,1935-09-28,,pomurska,upokojen,loèen,2
Paula,Ryan,Ž,1922-12-14,1959-07-10,goriška,pokojni,pokojni,5
Juan,Bryant,Ž,1989-06-24,,pomurska,zaposlen,skupnost,6.1
Paula,Shaw,Ž,1935-06-07,,pomurska,upokojen,vdovel,8.1
Anthony,Morales,Ž,1945-08-21,,savinjska,upokojen,poroèen,4
Judy,Ortiz,Ž,2012-01-01,,goriška,otrok,otrok,1
