Ime,Priimek,Spol,Datum_rojstva,Datum_smrti,Regija
Anne,Peterson,Z,2011-03-25,1960-11-13,zasavska
Andrew,Willis,Z,1925-06-19,,goriška
Alan,Burton,M,1977-03-31,,jugovzhodna Slovenija
Steven,Chapman,Z,1992-06-10,1960-08-05,osrednjeslovenska
Gerald,Ferguson,M,1938-06-18,,pomurska
William,Olson,M,1940-10-07,,podravska
Roger,Richardson,M,1942-05-09,,goriška
Richard,Simmons,Z,1945-06-20,,pomurska
Paul,Smith,M,1974-08-25,,obalno-kraška
Todd,Patterson,M,1921-06-02,,obalno-kraška
Antonio,Bell,Z,1989-11-10,,obalno-kraška
Larry,Castillo,M,1979-01-09,,pomurska
Randy,Griffin,Z,1922-03-14,,zasavska
Martin,Robertson,M,1976-04-19,,goriška
Billy,Henry,Z,1932-03-01,2014-11-03,jugovzhodna Slovenija
Denise,Patterson,Z,1932-03-30,,primorsko-notranjska
Marilyn,Hill,Z,1988-12-20,1954-06-20,zasavska
Lisa,Willis,Z,1929-02-06,,gorenjska
Thomas,Fernandez,M,1959-05-18,2006-08-26,obalno-kraška
Jimmy,Fernandez,Z,1953-06-27,,primorsko-notranjska
Nicholas,Bradley,M,2009-02-01,,koroška
Barbara,Green,Z,1945-01-20,,podravska
Norma,Hamilton,Z,2002-05-25,,osrednjeslovenska
Aaron,Griffin,Z,1937-10-04,,goriška
Patrick,Foster,M,1937-09-16,,gorenjska
Patrick,Mills,M,2005-01-10,,savinjska
Randy,Perez,Z,2010-01-12,,obalno-kraška
Carolyn,Arnold,Z,1924-09-03,1967-11-20,jugovzhodna Slovenija
Sean,Bennett,M,1986-09-20,,savinjska
Bruce,Perkins,M,1950-02-14,,obalno-kraška
Arthur,Garza,M,2010-05-09,,obalno-kraška
Ronald,Austin,M,1957-08-12,,gorenjska
Andrea,Lawrence,Z,1938-04-12,,savinjska
Kevin,Chavez,M,1942-04-26,,gorenjska
Kevin,Willis,M,1981-07-31,1959-04-04,obalno-kraška
Scott,Sanders,M,1926-09-08,1937-06-11,podravska
Linda,Hernandez,Z,1942-09-12,,obalno-kraška
Joe,Kelly,M,1952-04-21,,pomurska
Gregory,Perez,Z,1969-12-24,,obalno-kraška
Alice,Hudson,Z,1944-12-27,,savinjska
Mark,Fuller,M,1984-05-03,,podravska
Martin,Mendoza,M,1978-04-04,,koroška
Pamela,Dunn,Z,1951-06-12,,zasavska
Shirley,Nguyen,Z,1946-04-13,2010-07-30,primorsko-notranjska
Ann,King,Z,1980-10-27,1970-05-28,obalno-kraška
Eric,Grant,M,2014-12-24,,gorenjska
Christina,Austin,Z,2012-10-29,,goriška
Denise,Harrison,Z,1937-06-05,1930-12-12,primorsko-notranjska
Katherine,Oliver,Z,1940-06-11,,obalno-kraška
Carlos,Gonzales,M,1937-06-27,,osrednjeslovenska
Jeremy,Reyes,M,1976-02-19,,primorsko-notranjska
Fred,Banks,M,1994-12-16,,podravska
Terry,Kelly,Z,2013-05-05,,koroška
Brandon,Ross,M,1940-08-20,,zasavska
Steven,Clark,Z,1997-01-08,,zasavska
George,Gomez,M,1982-11-18,,podravska
Bruce,Wilson,Z,1961-08-18,,podravska
Juan,Woods,M,1965-04-14,,goriška
Charles,Sullivan,M,1983-10-14,,gorenjska
Johnny,Gibson,M,1991-02-25,,koroška
Joseph,Snyder,M,1971-01-15,,osrednjeslovenska
Pamela,Stone,Z,1948-08-10,,koroška
Kevin,Adams,M,1942-04-29,,gorenjska
William,Little,M,2007-05-15,,savinjska
Karen,Cole,Z,1960-07-07,,pomurska
Laura,Hansen,Z,1972-11-16,,gorenjska
Larry,Lee,M,1929-11-15,,gorenjska
Walter,Morris,M,1930-09-30,,goriška
Frank,Richardson,M,1920-04-04,,podravska
Jimmy,Cruz,M,1976-06-19,,primorsko-notranjska
Adam,Williams,M,1992-01-19,,savinjska
Jason,Austin,Z,1967-02-16,1964-07-29,goriška
Martin,Stone,M,1957-01-15,,podravska
Sharon,Hawkins,Z,1945-12-07,2009-10-25,jugovzhodna Slovenija
Jason,Wood,Z,1938-03-10,,gorenjska
Peter,Alexander,M,1957-01-20,,posavska
Judy,Harrison,Z,1975-10-08,,pomurska
William,King,M,1969-12-30,1954-09-29,gorenjska
Henry,Richards,Z,1930-02-01,1971-07-09,jugovzhodna Slovenija
Matthew,Sanchez,M,1941-04-03,,podravska
Charles,Marshall,M,1921-11-26,,primorsko-notranjska
Gary,Washington,M,2005-10-07,,zasavska
Earl,Martin,Z,1999-12-17,,primorsko-notranjska
Peter,Oliver,M,1929-06-30,,savinjska
Theresa,Duncan,Z,1996-11-19,,jugovzhodna Slovenija
Sarah,Simmons,Z,1985-10-11,,goriška
Sandra,Weaver,Z,1947-04-23,1958-01-09,zasavska
Jimmy,Garza,Z,1978-02-19,,primorsko-notranjska
Johnny,Smith,Z,1924-11-14,,posavska
Carlos,Gutierrez,M,1930-04-01,1992-03-21,jugovzhodna Slovenija
David,Hawkins,M,1999-10-26,,savinjska
Joyce,Romero,Z,1975-04-01,,gorenjska
Jimmy,Jordan,Z,1992-05-27,1941-12-19,obalno-kraška
Walter,Tucker,M,1962-12-12,,pomurska
Johnny,Gordon,M,1921-12-30,,jugovzhodna Slovenija
Aaron,Bradley,Z,1920-12-09,,obalno-kraška
Sean,Hayes,Z,2002-05-19,,obalno-kraška
Walter,Green,M,1941-07-19,,goriška
John,Cox,M,1942-09-19,,goriška
Stephanie,Bell,Z,1966-04-28,,osrednjeslovenska
Jean,Rogers,Z,1965-11-12,,goriška
Norma,Clark,Z,1997-04-16,,podravska
Anthony,Daniels,M,2006-08-30,1946-12-19,pomurska
Martin,Dixon,Z,1970-08-29,,podravska
Evelyn,Berry,Z,1946-12-12,,obalno-kraška
Lori,Rice,Z,1946-06-10,,osrednjeslovenska
Jack,Chapman,Z,2003-10-24,,koroška
Kathryn,Lawson,Z,1999-05-17,,osrednjeslovenska
Alan,Jordan,M,1925-01-07,,savinjska
Phyllis,Hudson,Z,1976-04-23,1993-05-15,podravska
Steve,Rivera,Z,1976-07-29,,koroška
Chris,Larson,Z,1943-08-01,,primorsko-notranjska
Joshua,Gonzalez,Z,1973-02-09,,podravska
Matthew,Richards,M,1940-12-04,,osrednjeslovenska
Bobby,Gutierrez,M,1993-04-27,,podravska
Terry,Rodriguez,M,1951-10-24,,osrednjeslovenska
Johnny,Campbell,Z,1962-08-14,,zasavska
Tammy,Gilbert,Z,2016-04-22,,osrednjeslovenska
Diana,Lopez,Z,1947-07-01,,savinjska
Richard,Mcdonald,M,2014-04-25,,zasavska
Jonathan,Reed,M,1983-12-15,1942-12-26,osrednjeslovenska
Katherine,Brooks,Z,2003-12-03,,goriška
Jimmy,Stewart,M,1990-04-30,,koroška
Evelyn,Rogers,Z,1984-09-08,1942-04-17,jugovzhodna Slovenija
James,Schmidt,M,1939-02-10,,savinjska
Bobby,Black,M,1924-11-04,,jugovzhodna Slovenija
Carolyn,Gutierrez,Z,1997-05-24,,osrednjeslovenska
John,Grant,M,2006-08-07,,osrednjeslovenska
Craig,Hughes,Z,1993-10-22,,zasavska
Bonnie,Hernandez,Z,1924-01-06,,zasavska
Martin,Perez,M,1930-11-15,,koroška
Janice,Baker,Z,2008-07-11,,koroška
Steven,Carter,M,1945-01-11,,podravska
Christina,Rivera,Z,1920-02-24,,jugovzhodna Slovenija
Jeffrey,Baker,Z,1966-09-07,,gorenjska
Wayne,Stephens,Z,1925-05-03,1973-11-17,posavska
Donna,Stephens,Z,1986-01-28,,koroška
Brian,Porter,Z,1929-05-28,,savinjska
Annie,Carter,Z,1944-12-03,,jugovzhodna Slovenija
Robert,Reed,M,1926-03-27,,goriška
Julia,Brown,Z,1993-11-07,2004-08-02,savinjska
Anthony,Fisher,Z,2006-08-15,,obalno-kraška
Shawn,Carpenter,M,1983-10-11,,goriška
Bobby,Stevens,M,1951-01-28,2009-08-19,podravska
Frances,Kennedy,Z,1958-10-16,,primorsko-notranjska
Martin,Rivera,M,1992-03-12,,savinjska
Brandon,Carter,Z,1969-06-04,1953-04-19,podravska
Kenneth,Hudson,M,2016-08-24,,pomurska
Aaron,Myers,M,1980-05-09,,savinjska
Arthur,Cole,Z,1928-03-28,,koroška
Mary,Alexander,Z,1970-09-11,,posavska
Alan,Alexander,Z,1960-08-10,2014-06-04,osrednjeslovenska
Kelly,Jacobs,Z,1921-04-13,,pomurska
Brian,Sullivan,M,1933-01-11,,obalno-kraška
Douglas,Bailey,M,1921-05-17,,koroška
Lawrence,Pierce,M,1960-05-23,,osrednjeslovenska
Joseph,Lopez,M,1956-04-22,,gorenjska
Stephen,Boyd,Z,1940-07-27,1961-12-14,primorsko-notranjska
Christopher,Nguyen,M,1937-07-12,,pomurska
Billy,Stewart,M,2015-01-04,1980-03-24,zasavska
Gary,Smith,Z,1993-11-24,,osrednjeslovenska
Phillip,Berry,Z,1948-04-07,1965-06-10,gorenjska
Chris,Davis,M,1975-11-08,2016-02-02,obalno-kraška
Edward,Washington,M,2011-10-13,,podravska
Donald,Palmer,Z,2011-12-09,,zasavska
Chris,Hart,Z,1935-03-03,1998-01-02,zasavska
Gregory,Mendoza,Z,1968-02-16,,obalno-kraška
Marilyn,Montgomery,Z,1965-02-23,,posavska
Charles,Carroll,M,1986-02-16,1937-03-27,osrednjeslovenska
Michelle,Ruiz,Z,1960-06-12,,savinjska
Craig,Bishop,M,2016-09-22,,obalno-kraška
Ronald,Daniels,Z,1977-04-23,1989-02-25,podravska
Mark,Diaz,Z,1997-01-14,,pomurska
Philip,Knight,M,1978-12-03,1935-09-23,gorenjska
Antonio,Allen,M,2004-01-31,,podravska
Robert,Welch,Z,1941-03-24,,posavska
Edward,Jacobs,M,1932-04-20,,pomurska
Anthony,Thompson,M,1992-03-26,1973-04-03,goriška
Adam,Matthews,M,1950-01-19,1925-01-16,savinjska
Adam,Garrett,Z,1933-11-14,,zasavska
Nancy,Henderson,Z,1937-03-24,,gorenjska
Philip,Jordan,M,1978-05-24,,podravska
Margaret,Butler,Z,1927-10-16,,zasavska
Nicholas,Taylor,M,1953-10-28,,koroška
Irene,Weaver,Z,2015-02-25,,koroška
Jose,Sanchez,M,2006-07-01,1927-01-18,jugovzhodna Slovenija
Diane,Fox,Z,1957-09-30,1993-03-04,zasavska
Louis,Gomez,Z,2003-05-22,,jugovzhodna Slovenija
Cynthia,Collins,Z,2006-07-19,,pomurska
Shawn,Rogers,M,1925-04-19,,obalno-kraška
Martin,Bradley,Z,1928-02-17,,pomurska
Charles,Gardner,M,1926-08-16,,osrednjeslovenska
Harry,Robertson,M,2007-03-08,,koroška
Jeremy,Stewart,M,1948-11-24,,savinjska
Christina,Myers,Z,1986-08-03,,podravska
Philip,Bailey,M,1997-06-26,1939-04-21,podravska
Arthur,Mitchell,M,1948-05-29,,obalno-kraška
Justin,Perry,M,1935-07-28,,osrednjeslovenska
Charles,Williamson,Z,2011-07-04,,podravska
Johnny,Johnston,Z,1961-03-04,,primorsko-notranjska
Alan,Myers,M,1996-01-04,,zasavska
Brandon,Meyer,M,1952-11-12,,osrednjeslovenska
Charles,Alexander,M,1977-06-22,,koroška
Philip,Morrison,M,1921-11-27,,zasavska
Eugene,Martin,M,2011-04-21,,zasavska
Helen,Reyes,Z,1983-08-16,1997-09-20,posavska
Victor,Morrison,M,1929-11-01,,podravska
Samuel,Stanley,M,1961-01-26,1961-05-10,osrednjeslovenska
Linda,Ford,Z,1957-09-29,1988-06-26,gorenjska
Timothy,Richards,Z,2015-06-22,,zasavska
Eugene,Rogers,M,1971-11-06,,savinjska
Mildred,Brooks,Z,1936-06-23,,pomurska
Mark,Phillips,M,1925-03-13,1998-10-22,obalno-kraška
Lillian,Ward,Z,1955-12-26,,obalno-kraška
Sean,Myers,M,1940-09-11,,osrednjeslovenska
Lawrence,Grant,M,1979-10-13,,koroška
Jack,Watkins,M,1938-03-19,,osrednjeslovenska
Joe,Brooks,M,1941-10-18,,zasavska
Kathy,Gibson,Z,1955-07-03,,goriška
Maria,Chavez,Z,1979-03-03,,pomurska
Louise,Chapman,Z,2007-06-29,,gorenjska
Pamela,Ryan,Z,1943-02-27,1927-08-16,gorenjska
Jeffrey,Wilson,M,1985-06-08,,jugovzhodna Slovenija
Jack,Rice,Z,1920-01-30,,goriška
Jack,Cunningham,M,1983-06-10,,koroška
Justin,Bailey,M,1956-12-31,,gorenjska
Carlos,Perry,M,1978-05-15,,primorsko-notranjska
Raymond,Reed,Z,1953-11-07,,zasavska
Phyllis,Lopez,Z,1944-12-15,,obalno-kraška
Jimmy,Cooper,M,1964-01-10,,obalno-kraška
Jack,Wells,Z,1948-12-11,,koroška
Clarence,Wells,M,1995-08-19,,koroška
Denise,Turner,Z,1963-04-10,,pomurska
Roy,Perez,M,1938-07-25,,goriška
Bobby,Mitchell,M,1998-06-02,,koroška
Jeremy,Hawkins,M,2008-07-20,,podravska
Helen,Stewart,Z,2004-07-25,,pomurska
Stephen,Berry,Z,1972-01-11,,goriška
Aaron,Patterson,M,1955-07-18,,posavska
Kathleen,Hansen,Z,1942-02-23,1941-08-04,jugovzhodna Slovenija
Steven,Walker,Z,1921-09-16,1955-11-20,jugovzhodna Slovenija
Keith,Bennett,Z,1956-05-23,,pomurska
Eric,Flores,Z,1994-03-22,1974-08-24,goriška
Bruce,Collins,Z,1941-12-22,1996-05-23,koroška
Mark,Burke,M,1998-01-26,,pomurska
Earl,Bailey,Z,1964-10-27,2005-01-07,primorsko-notranjska
Phillip,Morales,Z,1981-03-27,,osrednjeslovenska
Philip,Turner,Z,1929-11-14,,jugovzhodna Slovenija
Eric,Hudson,Z,1980-08-05,1943-04-23,obalno-kraška
Paul,Johnston,Z,1948-09-15,,pomurska
Chris,Greene,Z,1970-10-08,1982-03-12,savinjska
Donald,Price,Z,1929-09-25,,goriška
Patricia,Kelley,Z,1923-01-24,,savinjska
Brian,Miller,Z,1938-05-12,,posavska
Peter,Barnes,M,2012-04-07,,posavska
Sean,Webb,M,2015-06-19,,pomurska
Kenneth,Jackson,M,1941-03-02,,gorenjska
Jesse,Phillips,Z,1930-12-04,,osrednjeslovenska
Jack,Meyer,M,1962-03-02,,obalno-kraška
Jean,Sims,Z,1958-05-27,,primorsko-notranjska
Edward,Alvarez,M,1943-02-04,,primorsko-notranjska
Dennis,Hunter,Z,1982-05-03,,koroška
Chris,Greene,M,1935-11-26,,gorenjska
Bruce,Sullivan,M,2014-08-24,,pomurska
Fred,Butler,M,1936-12-25,,obalno-kraška
Kimberly,Sims,Z,1929-04-18,,koroška
David,Hughes,M,1971-11-20,,podravska
Diana,Medina,Z,1933-11-20,2016-01-16,obalno-kraška
Joshua,Ortiz,Z,1958-06-19,,goriška
Harold,Nguyen,Z,1957-11-01,1975-12-23,goriška
Harold,Gonzales,M,2014-02-16,,pomurska
Linda,Murphy,Z,1925-11-18,,gorenjska
Frank,Howard,M,1934-03-27,,goriška
Frank,Jenkins,Z,2007-06-14,,primorsko-notranjska
Russell,Burns,M,1998-01-23,1945-03-19,goriška
Arthur,Rice,Z,1975-02-13,,koroška
Mark,Franklin,M,1935-12-17,,gorenjska
Edward,Cruz,Z,1967-10-04,,podravska
Lori,Weaver,Z,1978-02-27,2007-07-20,pomurska
Victor,Hanson,M,1983-12-25,1972-10-30,podravska
Gary,Warren,Z,1982-06-20,,gorenjska
Betty,Rivera,Z,1980-09-09,,zasavska
Amanda,Ramirez,Z,2013-03-14,,obalno-kraška
Marie,Hudson,Z,1987-04-03,,obalno-kraška
Kenneth,Ross,M,1948-07-16,1981-11-27,pomurska
Nicholas,Hawkins,M,1922-06-21,,osrednjeslovenska
Gloria,Matthews,Z,1996-12-29,,goriška
Charles,Freeman,M,1956-04-08,,savinjska
Albert,Warren,M,1995-02-09,,savinjska
Albert,Hunt,Z,1930-09-05,,zasavska
Carl,Bryant,M,2010-04-28,,jugovzhodna Slovenija
Michael,Weaver,M,1992-09-04,,primorsko-notranjska
Martin,Brooks,M,1961-02-26,,pomurska
Stephen,Cooper,Z,1940-01-08,,jugovzhodna Slovenija
Russell,Sanders,M,1941-08-02,,goriška
Jessica,Welch,Z,1969-04-01,,osrednjeslovenska
Jonathan,Sullivan,Z,2006-01-24,1950-09-07,posavska
Donald,George,Z,1934-10-05,,jugovzhodna Slovenija
Eric,Lane,M,1923-04-04,,primorsko-notranjska
Joseph,Henderson,M,1958-08-29,,jugovzhodna Slovenija
Brenda,Burns,Z,1988-11-13,,obalno-kraška
Antonio,Young,M,1976-12-12,,goriška
Jesse,Stanley,Z,1978-12-16,,savinjska
Earl,Hayes,M,1940-11-07,,osrednjeslovenska
Carolyn,Lee,Z,1932-08-15,,pomurska
Patrick,Hamilton,Z,2007-07-13,,podravska
Sara,Freeman,Z,1928-02-25,,gorenjska
Joyce,Jordan,Z,1922-08-01,,primorsko-notranjska
Brandon,Garza,M,1938-12-24,,osrednjeslovenska
Keith,Black,M,1927-09-15,,primorsko-notranjska
Roger,Simmons,M,1920-11-19,1954-02-10,podravska
Shirley,White,Z,1948-12-14,,osrednjeslovenska
Aaron,Dean,M,1973-06-28,1945-02-19,pomurska
Frank,Alvarez,M,1978-02-11,,savinjska
Eugene,Fisher,M,1948-01-18,,osrednjeslovenska
Mark,Ryan,Z,1964-04-10,,zasavska
Janet,Flores,Z,1947-11-14,,savinjska
Gregory,Hayes,Z,1995-04-29,2012-08-15,savinjska
Harry,Griffin,M,1967-09-10,,savinjska
Douglas,Harper,Z,1992-07-16,,zasavska
Jeffrey,Stewart,M,2003-12-28,,zasavska
Catherine,Larson,Z,1959-03-10,1988-03-28,pomurska
Carl,Cunningham,Z,1928-05-12,,pomurska
Robert,Black,M,1944-03-01,,savinjska
Mark,Woods,M,1995-01-27,1956-10-14,koroška
Daniel,Carpenter,Z,1968-04-20,,savinjska
Carl,Foster,Z,1966-04-06,,goriška
Mark,Hall,M,1939-10-09,1984-03-12,savinjska
Lawrence,Cooper,Z,1992-08-01,1998-01-29,pomurska
Douglas,Rogers,M,1976-02-05,1940-07-11,gorenjska
Raymond,White,Z,1960-06-16,,koroška
Jessica,Jacobs,Z,2001-10-09,1972-05-05,osrednjeslovenska
Ryan,Powell,M,1985-07-07,,posavska
Betty,Boyd,Z,2010-04-07,,goriška
Mark,Dixon,M,2013-03-11,,podravska
Amanda,Riley,Z,1962-10-26,,gorenjska
Walter,Green,M,1920-10-28,,savinjska
Karen,Owens,Z,1953-02-25,,jugovzhodna Slovenija
Phyllis,Cunningham,Z,1994-03-26,,goriška
Aaron,Henry,M,2014-09-21,,osrednjeslovenska
Roger,Fernandez,Z,1976-11-06,1959-11-13,gorenjska
Samuel,Castillo,M,1959-10-05,,podravska
Peter,Gonzales,M,1966-12-22,1999-09-09,savinjska
Andrew,Harrison,Z,1982-02-15,,posavska
Martin,Harrison,M,1971-01-27,,pomurska
Craig,Perry,M,2011-03-11,,jugovzhodna Slovenija
Andrew,Gilbert,M,1936-11-04,1955-04-05,primorsko-notranjska
Roy,Crawford,M,1967-10-01,,savinjska
Linda,Lane,Z,1972-09-20,,zasavska
Melissa,Lopez,Z,1992-07-21,1982-01-08,obalno-kraška
Irene,Flores,Z,1999-08-12,2013-10-18,osrednjeslovenska
Lawrence,Lawson,M,1977-11-09,,zasavska
Jessica,Meyer,Z,1924-09-30,1946-05-28,koroška
Joseph,Ray,M,1981-04-13,,savinjska
Keith,Elliott,M,2004-02-10,,zasavska
Bruce,Phillips,M,1940-09-12,,savinjska
Steve,Henry,M,1975-04-18,1924-11-14,obalno-kraška
Victor,Hawkins,Z,2001-08-02,1949-01-22,jugovzhodna Slovenija
Edward,Palmer,M,1924-01-07,2006-12-02,pomurska
Earl,Williams,Z,1988-09-08,,gorenjska
Maria,Nichols,Z,1969-12-09,,gorenjska
Kenneth,Vasquez,Z,1967-07-26,,koroška
Pamela,Washington,Z,1942-03-29,,primorsko-notranjska
Terry,Foster,M,2003-06-07,,obalno-kraška
Gregory,Harvey,M,1961-09-13,,zasavska
Martin,Kelly,M,1995-03-31,1949-01-23,koroška
Harry,Hunter,Z,2009-10-12,,savinjska
Ronald,Willis,Z,1992-11-04,1987-12-22,posavska
Chris,Andrews,Z,1934-07-29,,posavska
Philip,Willis,M,1973-04-24,1983-02-20,zasavska
Thomas,Schmidt,Z,1937-02-18,,obalno-kraška
Ralph,Sims,Z,1997-03-18,,goriška
Peter,Walker,Z,1940-10-03,1976-08-26,jugovzhodna Slovenija
Wayne,Mcdonald,Z,1937-09-07,,posavska
Scott,Peters,Z,1936-06-23,,jugovzhodna Slovenija
Jane,Howard,Z,1981-04-10,,zasavska
Melissa,Wells,Z,1968-12-07,1946-03-19,jugovzhodna Slovenija
Johnny,Morris,M,1958-06-26,,pomurska
Bruce,Bennett,M,2012-01-18,1948-10-22,jugovzhodna Slovenija
Joshua,Lane,M,1959-08-03,,gorenjska
Dennis,Mcdonald,M,1982-09-14,,jugovzhodna Slovenija
John,Johnson,Z,1943-02-04,,podravska
James,Ford,M,1924-01-31,,gorenjska
Russell,Owens,M,1998-08-17,,koroška
Ronald,Riley,M,1998-08-08,,posavska
David,Chapman,Z,1962-10-27,,goriška
Bruce,Butler,M,1992-05-16,1939-10-31,podravska
David,Hart,M,1993-12-27,,zasavska
Justin,Walker,M,1976-12-17,,obalno-kraška
Kenneth,Welch,M,1956-06-16,,goriška
Lori,Wood,Z,1991-09-07,,primorsko-notranjska
Lori,Moreno,Z,1978-04-09,,pomurska
Joe,Knight,M,1946-10-15,1992-05-02,posavska
Harry,Harper,M,2002-05-18,,koroška
Harold,Mason,Z,1920-06-29,,podravska
Johnny,Cunningham,M,1979-11-17,,zasavska
Philip,Ryan,M,1953-12-17,,gorenjska
Ronald,Perry,Z,2014-09-14,,osrednjeslovenska
Edward,Gilbert,M,1984-02-21,,jugovzhodna Slovenija
Phyllis,Burke,Z,1957-08-04,2016-03-28,gorenjska
Kenneth,Matthews,Z,2016-08-24,,osrednjeslovenska
Earl,Snyder,Z,2003-03-07,,jugovzhodna Slovenija
Louis,Stevens,M,1957-04-02,1995-07-16,gorenjska
Willie,Cruz,Z,1973-04-27,1960-11-06,gorenjska
Steven,Edwards,M,1985-10-02,,pomurska
Eric,Anderson,Z,1989-07-11,,primorsko-notranjska
Annie,Green,Z,1999-09-16,,posavska
Paul,Fuller,M,1980-04-27,,osrednjeslovenska
Jerry,Gilbert,M,1981-08-10,1933-12-22,osrednjeslovenska
Nicholas,Collins,M,2013-11-19,,goriška
Justin,Martin,M,2005-04-11,,savinjska
Jonathan,Boyd,M,1966-09-04,,posavska
Ralph,Rose,M,1948-01-24,,savinjska
Eugene,Ford,M,1952-05-30,,obalno-kraška
Jimmy,Mccoy,M,1975-05-25,,primorsko-notranjska
Albert,Ray,M,1975-09-08,,koroška
Pamela,Long,Z,1990-02-06,,jugovzhodna Slovenija
David,Berry,M,1921-07-08,,koroška
Carolyn,Knight,Z,2013-06-24,1938-10-08,osrednjeslovenska
Bonnie,Cunningham,Z,1963-03-24,1956-06-21,koroška
Ernest,Johnson,M,2013-11-27,,osrednjeslovenska
Victor,Turner,M,1959-02-07,,podravska
Terry,Bowman,M,1927-06-07,,koroška
Jose,Wagner,Z,2011-03-30,,koroška
Michael,Frazier,M,1980-07-20,1962-07-30,primorsko-notranjska
Gerald,Murphy,M,2001-04-06,,osrednjeslovenska
Aaron,Mccoy,M,1975-02-08,,primorsko-notranjska
Nicholas,James,M,1935-02-06,,zasavska
Sharon,Warren,Z,1968-07-03,,savinjska
Earl,Boyd,M,1922-03-29,,koroška
Laura,Carpenter,Z,1940-11-15,,koroška
Ronald,Murphy,Z,1987-03-22,1974-12-20,jugovzhodna Slovenija
William,Rice,M,1935-08-01,1955-11-29,posavska
Fred,Austin,M,2008-04-11,,goriška
Bonnie,Porter,Z,1933-11-20,,pomurska
Wayne,Kim,M,1984-02-08,,koroška
Peter,Olson,Z,1959-05-11,,obalno-kraška
Martha,Lawrence,Z,1922-11-24,,gorenjska
Phillip,Kennedy,Z,1924-05-22,,obalno-kraška
Lawrence,Gardner,M,1989-12-26,1930-05-27,pomurska
Bruce,Stewart,Z,1986-11-22,,obalno-kraška
Russell,Hamilton,M,2009-12-05,2005-01-24,zasavska
Craig,Lynch,Z,2001-10-20,,zasavska
Norma,Hunter,Z,1952-01-26,,podravska
Russell,Stone,M,1955-10-31,,podravska
Randy,Bishop,M,1981-05-26,,jugovzhodna Slovenija
Anthony,Duncan,M,2005-07-03,,podravska
Ralph,Grant,M,1953-12-18,,posavska
Jose,Bowman,Z,1986-08-18,,jugovzhodna Slovenija
Ralph,Stanley,M,1978-05-01,,zasavska
Richard,Fisher,M,2001-11-17,,pomurska
Juan,Miller,M,1993-01-08,,pomurska
James,Ramos,Z,1957-07-23,,obalno-kraška
Tammy,Castillo,Z,1979-02-15,,podravska
Carol,Ray,Z,1925-06-04,,jugovzhodna Slovenija
Mark,Wells,Z,1994-09-12,,zasavska
Lawrence,Peters,M,1935-02-07,1952-09-10,zasavska
Karen,Barnes,Z,1944-07-20,1944-10-16,gorenjska
Jason,Romero,M,1998-07-09,,gorenjska
Robert,Morales,M,1993-02-28,,zasavska
Adam,Hunter,M,1937-04-27,,osrednjeslovenska
Craig,Bowman,M,1941-06-03,2002-11-21,koroška
Donald,Wallace,Z,1927-09-15,,osrednjeslovenska
Tammy,Young,Z,1976-04-22,,gorenjska
Dorothy,Meyer,Z,1979-12-23,1995-03-29,gorenjska
Jimmy,Barnes,M,1944-04-10,,koroška
Elizabeth,Williamson,Z,1936-05-24,1986-02-17,jugovzhodna Slovenija
Robert,Walker,Z,1972-11-02,,savinjska
Aaron,Stewart,Z,1990-08-08,,goriška
Christine,Ellis,Z,1949-04-17,,savinjska
Ernest,Cruz,M,1939-03-26,1941-09-02,osrednjeslovenska
Brian,Kelly,M,1950-04-13,,primorsko-notranjska
Carlos,Allen,M,1938-09-27,,jugovzhodna Slovenija
Christina,Davis,Z,2003-06-08,,osrednjeslovenska
Aaron,Matthews,M,1929-12-29,,zasavska
Christopher,Hayes,M,1947-08-24,1963-09-20,osrednjeslovenska
Arthur,Berry,Z,2005-12-25,,koroška
William,Hernandez,Z,1942-12-08,,zasavska
Cynthia,James,Z,1981-02-13,,osrednjeslovenska
Walter,Rice,Z,2000-10-18,,koroška
Kevin,Watkins,M,1997-03-04,,zasavska
Daniel,Mills,Z,1924-05-17,,osrednjeslovenska
Michael,Reynolds,M,1952-04-16,,posavska
Clarence,Torres,Z,1937-12-17,,primorsko-notranjska
Carl,Richards,M,1961-09-19,,podravska
Juan,Martin,Z,1989-08-11,1991-03-30,posavska
Michelle,Baker,Z,1922-09-23,1969-06-02,zasavska
George,Wood,Z,2010-08-30,1950-09-28,primorsko-notranjska
Laura,Riley,Z,2002-07-08,1958-09-04,obalno-kraška
Justin,Harper,M,1946-04-16,1929-11-16,koroška
Todd,Robertson,M,1981-04-18,,primorsko-notranjska
Annie,Robinson,Z,1955-04-10,1957-08-05,gorenjska
John,Lane,Z,2014-07-07,,obalno-kraška
Karen,Davis,Z,1986-12-07,,gorenjska
Nicholas,Castillo,Z,2003-09-04,,jugovzhodna Slovenija
Nicole,Morales,Z,1988-01-01,,pomurska
Nancy,Meyer,Z,1959-08-16,,koroška
Johnny,Graham,Z,1922-12-28,,posavska
Harry,Duncan,Z,2003-05-09,,gorenjska
Julie,Larson,Z,1987-04-08,1973-07-28,gorenjska
Diana,Ward,Z,1992-08-20,,osrednjeslovenska
Peter,Duncan,Z,1923-01-30,,posavska
Ernest,Stanley,M,1949-06-07,,zasavska
Eric,Murray,M,1937-04-25,,pomurska
Eric,Murphy,M,1954-09-12,,pomurska
Michelle,West,Z,1971-07-16,,obalno-kraška
Stephen,Baker,M,1920-09-07,,podravska
David,Peterson,M,1959-09-12,1956-10-25,zasavska
Melissa,Berry,Z,1941-03-05,,zasavska
Daniel,Brown,Z,1975-07-06,,jugovzhodna Slovenija
Melissa,Jordan,Z,1957-07-03,,posavska
Richard,Washington,M,2005-04-08,,savinjska
Roy,Harper,M,1929-09-01,1998-07-24,savinjska
Albert,Howell,Z,1955-04-23,1965-01-13,koroška
Larry,Watkins,M,2004-03-26,,osrednjeslovenska
Kenneth,Mcdonald,M,1965-04-02,,zasavska
Johnny,Frazier,Z,1978-09-30,,podravska
Arthur,Long,M,1941-12-12,,koroška
Ruby,Fisher,Z,1944-06-16,,osrednjeslovenska
Jerry,Harrison,M,1970-10-29,,gorenjska
Louis,Carr,M,2001-04-23,1959-04-16,koroška
Sara,Rose,Z,1927-11-19,,primorsko-notranjska
Steve,Reed,M,1950-11-22,,primorsko-notranjska
Jane,Roberts,Z,1946-01-28,1926-03-04,osrednjeslovenska
Wayne,Ford,Z,1939-02-24,,koroška
Martin,Morris,M,1979-07-09,,gorenjska
Stephen,Gonzalez,M,1933-05-09,1980-05-03,savinjska
Bonnie,Alvarez,Z,1992-09-18,,primorsko-notranjska
Rachel,Moore,Z,1938-12-28,,posavska
Douglas,Crawford,M,1950-08-26,,primorsko-notranjska
Nicholas,Myers,Z,1966-11-19,1958-12-17,posavska
Phillip,Meyer,Z,1942-06-20,,podravska
Charles,Thompson,Z,1927-06-25,,goriška
Charles,Boyd,Z,1998-10-06,1982-10-22,primorsko-notranjska
Thomas,Peters,M,1951-04-16,,gorenjska
Gregory,Howard,Z,1965-06-16,,pomurska
Joe,Romero,Z,1983-10-14,,jugovzhodna Slovenija
Daniel,Gutierrez,M,1995-09-16,,goriška
Juan,Nichols,M,1930-04-10,,goriška
Roy,Montgomery,Z,1950-02-11,,pomurska
Michael,Long,M,1950-03-25,1937-11-22,primorsko-notranjska
Raymond,Anderson,Z,1966-01-17,,koroška
Brandon,Thompson,Z,1955-10-03,,osrednjeslovenska
Gregory,Turner,Z,1991-06-13,,pomurska
Stephen,Reed,M,1959-01-27,,koroška
Samuel,Robertson,Z,2013-04-25,,obalno-kraška
Kathy,Brooks,Z,2008-09-18,,pomurska
Russell,Ford,M,1960-09-11,1928-12-16,goriška
Ashley,Nelson,Z,2006-03-23,,gorenjska
Wayne,Wallace,Z,1932-11-30,,posavska
Beverly,Robinson,Z,1965-09-30,,posavska
Barbara,King,Z,2005-07-03,,savinjska
Ronald,Gordon,M,1992-12-08,,posavska
Donald,Little,Z,2008-11-02,,jugovzhodna Slovenija
Clarence,Robertson,Z,1987-11-08,1985-11-17,koroška
Anthony,Sanchez,M,1968-01-24,,gorenjska
Patrick,Oliver,M,1947-03-25,,podravska
Jeffrey,Campbell,Z,1978-05-09,,savinjska
Eugene,Elliott,M,1986-11-17,,posavska
Raymond,Chavez,Z,1950-01-09,,gorenjska
Stephen,Owens,Z,1957-05-14,,gorenjska
Richard,Hudson,M,1991-03-06,,posavska
Doris,Carpenter,Z,1969-05-21,,goriška
Victor,Mendoza,M,1979-01-25,,gorenjska
Juan,Kim,M,1940-10-18,,primorsko-notranjska
Martin,Peterson,M,1931-11-18,,zasavska
Albert,Turner,Z,1958-08-31,,koroška
Sean,Jones,M,1942-06-22,1983-05-20,zasavska
Wanda,Green,Z,1996-05-05,,gorenjska
Fred,Ross,M,2011-07-24,1954-10-27,pomurska
Sean,Morris,M,1964-09-02,,osrednjeslovenska
Jason,Lawrence,M,1971-07-07,,jugovzhodna Slovenija
James,Rivera,M,1948-04-20,,podravska
Rachel,Schmidt,Z,1936-03-22,1923-03-12,savinjska
Harry,Morrison,M,1965-09-11,1936-05-02,savinjska
Jose,Austin,Z,1942-08-12,,savinjska
Martin,Riley,Z,1971-12-01,,koroška
Robert,Williams,M,1941-03-14,1941-03-10,obalno-kraška
Albert,Mason,M,1952-10-10,,jugovzhodna Slovenija
Ralph,Walker,Z,1989-09-16,,jugovzhodna Slovenija
Dennis,Moore,Z,1923-01-02,,posavska
Ann,Hernandez,Z,1984-08-28,1978-01-01,osrednjeslovenska
Roy,Edwards,M,1926-11-12,,jugovzhodna Slovenija
Clarence,Morales,M,1956-01-31,1935-11-23,gorenjska
Carl,Weaver,Z,1984-06-14,,goriška
Jerry,Murphy,M,1950-09-30,,primorsko-notranjska
Matthew,Palmer,M,1955-02-28,,zasavska
Walter,Cox,M,1957-02-02,1937-11-09,gorenjska
Keith,Ramirez,M,1996-11-24,,jugovzhodna Slovenija
Gregory,Carr,M,1920-05-23,2004-03-18,obalno-kraška
Jose,Burke,Z,1932-03-24,,goriška
Aaron,Sims,M,1966-04-05,1981-12-24,podravska
John,Mcdonald,Z,1934-12-19,1926-12-29,goriška
Brandon,Wilson,Z,1996-04-21,,podravska
Annie,Ellis,Z,1962-03-12,,gorenjska
Joe,Anderson,Z,2003-12-27,,koroška
Jerry,Miller,M,1927-07-06,,savinjska
Tammy,Sanders,Z,1944-09-05,,zasavska
Timothy,Perez,M,1964-05-04,,zasavska
John,Reynolds,M,1937-04-21,,zasavska
Carlos,Gutierrez,M,1938-07-23,,posavska
Roger,Hayes,Z,2001-08-05,2012-03-28,koroška
Ruth,Hunter,Z,2005-08-07,,podravska
Harold,Phillips,M,1962-09-06,,osrednjeslovenska
Willie,Franklin,M,1944-05-13,,koroška
Lawrence,Armstrong,Z,1985-11-12,,koroška
Debra,Gilbert,Z,1962-09-09,,pomurska
Paul,Davis,Z,1937-03-30,,savinjska
Laura,Morales,Z,1979-03-28,,posavska
Jack,Hernandez,M,1993-03-10,,posavska
Joseph,Carpenter,M,1924-04-23,,obalno-kraška
Louise,Hall,Z,1931-06-15,2010-06-16,obalno-kraška
Eric,Thompson,M,1958-07-16,,pomurska
Billy,Medina,Z,1980-12-27,1964-05-28,goriška
Kathy,Edwards,Z,2015-09-22,1920-07-04,obalno-kraška
Bruce,Pierce,M,1927-03-29,,gorenjska
Keith,Mendoza,M,1932-09-07,,jugovzhodna Slovenija
Jeffrey,Tucker,M,1945-01-28,,obalno-kraška
Robert,Cunningham,M,1939-11-10,1928-05-01,posavska
George,Wheeler,M,2004-06-11,,zasavska
Frank,Garcia,M,1984-09-04,,goriška
Paul,Lane,M,1947-11-15,,podravska
Earl,Hart,Z,1929-02-04,,pomurska
Arthur,Robertson,Z,2011-05-04,1988-09-16,primorsko-notranjska
Douglas,Bell,M,1983-08-13,1935-04-29,savinjska
Michael,Cook,M,1950-01-18,,osrednjeslovenska
Gregory,Walker,Z,1957-06-09,1977-10-22,jugovzhodna Slovenija
Roy,Dixon,M,1971-09-25,,osrednjeslovenska
Daniel,Morales,M,1954-10-21,,gorenjska
Jane,Holmes,Z,1965-07-11,,zasavska
Justin,Butler,M,1977-09-11,,primorsko-notranjska
Dennis,Hanson,Z,1965-12-03,,pomurska
Paul,Lee,M,1924-02-04,,zasavska
Donald,Lynch,M,1962-12-14,,savinjska
Barbara,Wallace,Z,1920-06-23,,goriška
Joyce,Johnston,Z,1986-11-03,,primorsko-notranjska
Anthony,Hicks,M,1934-07-27,,savinjska
Fred,Dean,Z,1960-12-12,1933-06-24,obalno-kraška
Annie,Knight,Z,1961-09-19,1936-01-22,osrednjeslovenska
Patrick,Ramos,M,2015-01-30,,koroška
Scott,Harris,Z,1959-03-26,,zasavska
Howard,Montgomery,M,1976-01-29,,gorenjska
Randy,Ferguson,M,1965-04-27,,obalno-kraška
Marilyn,Richards,Z,1989-11-17,1933-03-03,podravska
Wayne,Shaw,M,1996-12-01,,savinjska
Juan,Carr,M,1996-11-13,,goriška
Joshua,Bennett,M,1968-03-21,,osrednjeslovenska
John,Morrison,M,1965-12-21,,podravska
Albert,King,Z,1953-05-01,,goriška
Ann,Stewart,Z,1970-09-03,,pomurska
Mark,Fernandez,M,1993-09-20,,primorsko-notranjska
Anna,Ortiz,Z,1966-06-05,,obalno-kraška
Craig,Rodriguez,M,1921-05-26,1988-02-07,jugovzhodna Slovenija
Carl,Ross,Z,1992-11-06,,jugovzhodna Slovenija
Alan,Spencer,M,1970-09-13,,obalno-kraška
Timothy,Fox,M,1945-06-16,,primorsko-notranjska
Kenneth,Owens,M,1931-08-27,,koroška
Phillip,Meyer,M,1952-10-27,,podravska
Amanda,Perez,Z,2005-08-08,,koroška
Diane,Lane,Z,2002-05-07,1986-07-21,pomurska
Jimmy,Banks,Z,1969-03-08,,posavska
Adam,Hunt,M,1936-01-18,,zasavska
Gregory,Bowman,M,1978-06-20,,zasavska
Jason,Davis,M,1998-11-25,,jugovzhodna Slovenija
Brian,Kelly,M,1969-12-10,,savinjska
Benjamin,Weaver,Z,1975-11-06,,jugovzhodna Slovenija
Wayne,Diaz,Z,1947-01-14,,koroška
Gerald,Turner,M,2005-07-08,,zasavska
Keith,Taylor,Z,1958-05-05,,goriška
William,Gonzalez,Z,1940-09-19,,primorsko-notranjska
Timothy,Crawford,M,1995-05-27,,pomurska
Heather,Alexander,Z,1976-06-11,,gorenjska
Sean,Larson,Z,1983-10-29,,jugovzhodna Slovenija
Teresa,Andrews,Z,1995-02-08,1947-04-17,primorsko-notranjska
Charles,Owens,M,1993-02-10,,pomurska
Donald,Powell,M,1939-04-21,,primorsko-notranjska
Kenneth,Fuller,M,2002-11-27,1967-03-13,goriška
Kathryn,Wheeler,Z,1958-02-24,1953-07-26,posavska
John,King,M,1951-08-24,,osrednjeslovenska
Judith,Carpenter,Z,1967-02-14,,jugovzhodna Slovenija
Charles,Murphy,M,2000-08-23,,pomurska
Thomas,Freeman,M,1983-10-06,,posavska
Diane,Washington,Z,1973-05-27,,gorenjska
Clarence,Dean,Z,1987-10-06,,jugovzhodna Slovenija
James,Little,M,1976-11-18,2003-11-18,podravska
Bobby,Garrett,M,1968-12-06,,osrednjeslovenska
Nicholas,Foster,M,1922-06-26,,jugovzhodna Slovenija
Jeremy,Moreno,Z,2011-01-12,,posavska
Antonio,Morrison,M,1974-10-26,,savinjska
Jose,Marshall,M,1972-05-31,,posavska
Jane,Phillips,Z,2003-01-12,,podravska
Jimmy,Reed,M,1942-12-17,,savinjska
Robin,Henry,Z,1949-08-13,,zasavska
Lillian,Johnston,Z,1951-11-01,,podravska
Andrea,Lopez,Z,1956-12-26,,jugovzhodna Slovenija
Raymond,Matthews,Z,1946-08-26,,goriška
Juan,Bryant,M,1950-01-25,,primorsko-notranjska
Bruce,Edwards,M,1933-12-09,,gorenjska
Gary,James,M,2015-02-25,,pomurska
Nicholas,Mcdonald,Z,1969-08-02,,gorenjska
Robert,Schmidt,M,1972-03-23,1965-12-01,gorenjska
Jack,Gordon,Z,1965-11-04,,koroška
Wanda,Jordan,Z,1984-01-28,1967-06-09,osrednjeslovenska
Christine,Marshall,Z,1996-03-24,,zasavska
Stephen,Ruiz,Z,1994-05-19,2015-11-26,zasavska
Christopher,Alvarez,M,1921-12-18,,savinjska
Shawn,Rice,M,1968-02-19,,savinjska
Theresa,Scott,Z,1948-09-18,1946-09-16,podravska
Carl,Elliott,Z,1960-12-17,,posavska
Edward,Mason,Z,2003-05-10,1984-07-03,koroška
Ronald,Marshall,M,1952-01-21,,osrednjeslovenska
Ann,Owens,Z,1978-10-27,,pomurska
Stephen,Austin,M,1923-02-11,,jugovzhodna Slovenija
Billy,Gordon,Z,1921-05-03,1977-06-03,obalno-kraška
Terry,Rice,M,1978-01-19,,osrednjeslovenska
Stephen,Griffin,M,1930-08-03,,goriška
Andrew,Martin,M,1985-02-04,1973-04-10,goriška
Carl,Moore,M,1988-05-19,,podravska
Sandra,Cunningham,Z,2009-10-15,1994-10-07,goriška
Douglas,Gonzalez,M,1985-08-04,,pomurska
Henry,Washington,M,1993-06-13,,osrednjeslovenska
Amy,Powell,Z,1931-05-10,,primorsko-notranjska
Christina,Powell,Z,2007-10-06,,zasavska
Mark,Hughes,M,1990-03-30,1951-03-07,gorenjska
Nicholas,Collins,Z,1950-08-02,2007-03-29,obalno-kraška
Russell,Grant,M,1925-11-27,,podravska
Albert,Allen,Z,1962-06-08,,obalno-kraška
Brandon,Hill,Z,2002-10-02,,pomurska
Jack,Medina,Z,1925-06-28,,obalno-kraška
Paul,Reid,M,2001-04-12,,podravska
Lawrence,Rodriguez,Z,1945-11-18,1964-10-04,koroška
Lawrence,Cole,M,2016-11-17,,jugovzhodna Slovenija
Nicholas,Phillips,Z,1920-02-22,,jugovzhodna Slovenija
Laura,Walker,Z,1947-12-31,,podravska
Joe,White,M,1938-07-27,1940-04-09,savinjska
Michael,Jenkins,Z,1966-01-03,,pomurska
Johnny,Foster,M,1922-12-13,2001-01-22,goriška
Douglas,Oliver,Z,1988-05-31,,goriška
Edward,Rivera,M,1922-04-13,,zasavska
Carl,Morrison,Z,1925-04-04,,posavska
Carol,Castillo,Z,1920-05-05,,zasavska
Karen,Wells,Z,1988-07-06,,posavska
Jeremy,Stephens,M,1964-09-08,,obalno-kraška
Anthony,Allen,Z,1986-08-22,,goriška
Philip,Cole,M,1960-03-27,2013-01-16,gorenjska
Keith,James,Z,1964-10-02,,obalno-kraška
John,Perry,Z,1936-07-27,,jugovzhodna Slovenija
Jack,Diaz,Z,1961-07-12,1931-05-04,pomurska
Stephen,Meyer,M,1961-12-27,,savinjska
Nicholas,Reid,Z,2010-10-08,,zasavska
Louise,Kennedy,Z,1974-10-05,,posavska
Alan,Hayes,M,1955-09-08,,podravska
Sandra,Boyd,Z,1974-03-26,,osrednjeslovenska
Ryan,Chavez,M,1989-06-26,,osrednjeslovenska
Benjamin,Porter,M,1946-10-23,,goriška
Edward,Miller,Z,2001-07-09,1970-09-25,pomurska
Phillip,Howell,Z,1996-09-12,1991-06-02,posavska
Carl,Walker,Z,1946-12-09,1957-02-21,savinjska
Paul,Phillips,M,1929-07-18,,obalno-kraška
Jose,Schmidt,M,1926-10-23,,gorenjska
Larry,Sims,M,2011-01-16,,posavska
Ryan,Johnston,M,1975-01-06,1974-12-17,koroška
Walter,Ferguson,M,1986-09-11,,pomurska
Daniel,Mills,M,1945-02-21,,koroška
Kathryn,Little,Z,1920-12-01,1996-03-09,osrednjeslovenska
Roger,Young,Z,1934-10-05,,primorsko-notranjska
John,Day,M,1947-11-27,,gorenjska
Frank,Bell,M,1995-02-20,,koroška
Gary,Powell,M,1970-01-19,,zasavska
Arthur,Fernandez,Z,1950-08-15,,posavska
Angela,Murray,Z,1978-10-31,,koroška
Lawrence,Thompson,Z,1933-08-14,,zasavska
Eric,Cox,Z,1942-01-01,,koroška
Matthew,Arnold,M,1965-06-18,1921-09-21,gorenjska
Brian,Peterson,M,1969-03-25,,savinjska
Anthony,Martinez,M,1959-09-23,,podravska
Christopher,Garcia,M,1952-01-06,,savinjska
Billy,Washington,Z,1920-09-22,,pomurska
Jeffrey,Weaver,Z,2004-10-15,2007-12-11,zasavska
Charles,Evans,Z,1941-12-12,1934-04-27,primorsko-notranjska
Jerry,Lewis,Z,1933-07-17,,pomurska
Barbara,Taylor,Z,1932-02-26,,zasavska
Alice,Ward,Z,1986-01-18,,obalno-kraška
Larry,Fox,Z,1952-11-28,1961-08-31,gorenjska
Terry,Ross,M,1968-12-20,1941-02-05,primorsko-notranjska
Phillip,Burns,Z,1928-02-18,1959-04-06,goriška
Evelyn,Parker,Z,2005-03-10,,osrednjeslovenska
Paul,Dunn,M,1985-03-27,,podravska
Judy,Alexander,Z,1949-05-29,,gorenjska
Ralph,Lee,Z,1956-08-22,,savinjska
Juan,Parker,M,2000-08-14,,pomurska
Bonnie,Ellis,Z,1927-08-22,,zasavska
Jessica,Garrett,Z,2007-11-16,,podravska
Shawn,Rice,M,2005-03-11,,zasavska
Martin,Carr,M,1994-07-31,,pomurska
Peter,Powell,M,1930-01-26,,obalno-kraška
Billy,Bailey,M,1930-11-13,,gorenjska
Jose,Davis,Z,2001-10-25,1978-02-23,gorenjska
Donald,West,M,1927-11-15,,goriška
Larry,Clark,M,1985-08-29,,obalno-kraška
Johnny,Mccoy,M,1947-09-19,,pomurska
David,Bishop,Z,1995-07-18,,zasavska
Martin,Stone,M,1989-03-15,,gorenjska
Wanda,Garza,Z,1945-12-14,,osrednjeslovenska
Donald,Lane,M,2003-01-16,,savinjska
Harry,Black,M,1963-10-07,,koroška
Raymond,Weaver,M,2016-02-07,,pomurska
Todd,Hanson,M,1981-02-21,,osrednjeslovenska
Susan,Stewart,Z,1956-10-03,,goriška
Todd,Baker,M,1960-03-05,,koroška
Fred,West,M,1954-02-20,,savinjska
Joe,Hanson,M,1976-01-01,,obalno-kraška
Clarence,Hawkins,M,2000-08-25,,goriška
Billy,Graham,Z,1985-10-08,,pomurska
Mark,Gibson,Z,1927-01-22,,goriška
Wayne,Alexander,M,1957-01-18,,gorenjska
Keith,Long,M,2001-01-24,,posavska
Johnny,Garza,M,1928-03-18,,jugovzhodna Slovenija
Martin,Evans,M,1954-03-08,,obalno-kraška
Linda,Ross,Z,1921-07-24,,osrednjeslovenska
Samuel,Hanson,M,1921-03-26,,podravska
Wanda,Rivera,Z,1980-01-08,,obalno-kraška
Heather,Jones,Z,2004-06-27,,jugovzhodna Slovenija
Andrew,Grant,Z,1937-07-25,1951-06-10,zasavska
Wayne,Rogers,M,1931-05-01,,osrednjeslovenska
Brandon,Perry,Z,2010-06-11,,obalno-kraška
Kevin,Dean,M,2012-03-12,,goriška
Roger,Jordan,Z,1958-08-12,1993-09-28,koroška
Anthony,Andrews,M,1998-03-21,,obalno-kraška
Heather,Berry,Z,1951-01-19,,savinjska
Brian,Burke,Z,1991-09-20,1951-08-03,primorsko-notranjska
Craig,Price,Z,1988-10-16,,jugovzhodna Slovenija
Stephanie,Olson,Z,1992-07-02,1998-12-17,jugovzhodna Slovenija
Ernest,Fields,M,1978-08-09,1958-04-22,zasavska
Michael,Hunter,M,2016-05-09,,posavska
Larry,Lawson,M,1952-08-02,,posavska
Randy,Hicks,Z,1927-05-06,,jugovzhodna Slovenija
Denise,Bennett,Z,2005-12-23,,gorenjska
Joshua,Bailey,Z,1985-09-14,1972-01-16,koroška
Sandra,Perkins,Z,1993-05-26,,primorsko-notranjska
Carol,Wagner,Z,1992-06-26,,posavska
Margaret,Riley,Z,1949-01-12,,koroška
Beverly,Gray,Z,1921-10-07,1928-02-29,primorsko-notranjska
Victor,Duncan,M,1970-05-13,1952-10-21,zasavska
Cheryl,Lawson,Z,1942-10-07,,savinjska
Jimmy,Moore,Z,1937-12-31,,gorenjska
Carol,Black,Z,2013-02-24,,osrednjeslovenska
Jimmy,Kelley,Z,1985-10-26,1980-05-04,koroška
Bruce,Holmes,M,1972-02-07,,zasavska
Timothy,Wright,Z,1949-12-13,,zasavska
Donald,Howard,M,1921-03-05,,posavska
Eugene,Burke,M,1998-02-15,,jugovzhodna Slovenija
Thomas,Burns,Z,1985-09-04,,zasavska
Jonathan,Gutierrez,Z,1929-02-13,,jugovzhodna Slovenija
Fred,Harvey,M,1945-06-05,,pomurska
Randy,Ferguson,M,1989-03-09,,osrednjeslovenska
Stephen,Graham,M,1991-09-07,1923-02-26,jugovzhodna Slovenija
Brenda,Jordan,Z,1937-11-01,,osrednjeslovenska
Tina,Gibson,Z,1968-06-26,,obalno-kraška
Albert,Daniels,M,1946-03-11,1974-11-10,goriška
Arthur,Cox,M,1978-01-09,,obalno-kraška
Brian,Peterson,Z,1974-11-16,,gorenjska
Philip,Robertson,M,1948-07-14,,savinjska
Jean,Hunter,Z,1967-03-18,,pomurska
Roy,Clark,Z,1938-12-31,,savinjska
Kimberly,Hart,Z,1965-07-13,,goriška
Joseph,Chapman,M,1926-10-26,,jugovzhodna Slovenija
Gregory,Henry,Z,1998-02-26,1947-07-25,primorsko-notranjska
Tina,Woods,Z,1998-09-19,,posavska
Janice,Grant,Z,1964-10-03,,posavska
James,Cruz,M,1999-11-28,,obalno-kraška
Margaret,Davis,Z,1964-09-10,2014-01-30,primorsko-notranjska
Sean,Evans,M,1979-01-26,,posavska
Jose,Ward,M,2003-02-18,,gorenjska
Bruce,Frazier,Z,1983-06-30,,goriška
Steve,George,Z,1982-01-08,,zasavska
Jesse,Howell,M,1974-05-22,,podravska
John,Moreno,Z,1935-05-14,,zasavska
Martha,Hansen,Z,1968-01-11,,pomurska
Louis,Welch,M,1931-03-17,,pomurska
Douglas,Chavez,M,1940-07-31,,gorenjska
Jerry,Rodriguez,M,2013-11-19,,obalno-kraška
Jose,Wright,M,1957-12-11,2006-10-05,podravska
Diane,Alexander,Z,1956-03-21,,jugovzhodna Slovenija
Susan,Williams,Z,1921-01-02,,goriška
Steve,Spencer,M,1973-02-17,,goriška
Earl,Chavez,M,1961-02-22,,jugovzhodna Slovenija
Jean,Cox,Z,1950-04-09,,savinjska
Katherine,Franklin,Z,2012-02-10,,podravska
Timothy,Vasquez,Z,1923-07-06,1958-11-22,goriška
Kimberly,Thomas,Z,1975-10-11,,zasavska
Jeffrey,Woods,Z,1977-03-19,,jugovzhodna Slovenija
Eric,Rice,M,1991-02-21,,jugovzhodna Slovenija
Michael,Ross,M,2011-04-10,,podravska
William,Green,Z,1998-05-17,,podravska
Philip,Ford,M,1961-05-03,,primorsko-notranjska
Julia,Rogers,Z,1975-08-07,,obalno-kraška
Carlos,Powell,Z,1947-05-18,,obalno-kraška
Patrick,Ruiz,M,1938-10-16,,jugovzhodna Slovenija
Anne,Ellis,Z,1924-03-21,,podravska
Victor,Andrews,M,1959-10-06,,pomurska
Lillian,Brooks,Z,1978-02-06,,koroška
Angela,Oliver,Z,2005-08-08,,savinjska
Jason,Lynch,M,1948-01-19,,zasavska
Evelyn,Lawrence,Z,2015-11-20,2000-09-12,pomurska
Justin,Holmes,M,1938-09-01,,savinjska
Ann,Torres,Z,1982-07-25,,koroška
Brandon,Rivera,Z,1922-03-21,,savinjska
Harold,Rivera,Z,1993-03-30,,koroška
Craig,Phillips,M,1941-03-13,,pomurska
Pamela,Gardner,Z,1978-06-17,2013-11-24,posavska
Cheryl,Boyd,Z,1920-06-17,1931-03-21,gorenjska
Steven,Lynch,M,1936-01-09,,koroška
Kenneth,Franklin,M,1986-05-07,,zasavska
Judy,Bowman,Z,1987-10-20,,pomurska
Douglas,Perez,Z,2006-11-28,,zasavska
Larry,Kim,Z,1943-05-20,,podravska
Jimmy,Banks,M,1969-04-17,,gorenjska
Eric,Hanson,M,1956-07-29,,jugovzhodna Slovenija
Jerry,Jordan,M,1931-02-06,,obalno-kraška
Keith,Day,M,1920-09-25,1948-03-05,pomurska
Andrea,Mendoza,Z,1961-03-27,,gorenjska
Joe,Freeman,M,1982-12-18,,gorenjska
Gloria,Stevens,Z,1928-09-20,,osrednjeslovenska
Charles,Fox,Z,1941-09-15,,pomurska
Wanda,Howell,Z,1924-07-29,,gorenjska
Harold,Armstrong,M,1971-11-29,,primorsko-notranjska
Howard,Stevens,M,2014-03-07,,jugovzhodna Slovenija
Mark,Bishop,Z,1922-06-20,,obalno-kraška
Stephanie,Hayes,Z,1922-07-26,,primorsko-notranjska
Sandra,Flores,Z,1985-03-04,,koroška
Donald,Gray,M,2013-03-04,1946-03-01,goriška
Jennifer,Franklin,Z,1927-09-04,,obalno-kraška
Scott,Bryant,M,1930-08-02,,jugovzhodna Slovenija
Antonio,Reyes,M,1992-03-31,,osrednjeslovenska
Fred,Rivera,M,2013-10-02,1944-05-22,osrednjeslovenska
Julie,Watkins,Z,1974-04-09,,pomurska
Harold,Peterson,M,1962-03-06,,savinjska
Harry,Carroll,M,1948-12-30,,obalno-kraška
Chris,Bailey,M,1946-05-21,,primorsko-notranjska
Craig,Lawson,M,1958-01-12,,pomurska
Wayne,Wells,M,1990-09-05,,podravska
Jacqueline,Bell,Z,2016-09-18,,gorenjska
Rose,White,Z,1928-01-07,,jugovzhodna Slovenija
Christopher,Torres,Z,1972-10-01,,savinjska
Evelyn,Carr,Z,1994-08-05,,primorsko-notranjska
Bobby,Powell,M,1928-04-25,,koroška
Richard,Welch,M,1941-06-19,,koroška
Peter,Ray,M,1995-09-11,,obalno-kraška
Philip,Hughes,M,1995-03-14,,savinjska
Willie,Coleman,M,1944-08-18,,savinjska
Kevin,Foster,M,1947-04-13,,posavska
Eugene,Cunningham,M,1986-08-15,,goriška
Jennifer,Crawford,Z,1980-04-16,,pomurska
Jonathan,Rodriguez,M,1930-07-06,,zasavska
Kevin,King,M,1972-04-23,,goriška
Jean,Robinson,Z,1981-05-07,,jugovzhodna Slovenija
Martin,Lopez,M,1951-10-19,1942-01-08,koroška
Norma,Russell,Z,1925-05-07,,zasavska
Harry,Berry,M,1933-10-13,,savinjska
Beverly,Lynch,Z,1979-02-01,,primorsko-notranjska
Aaron,Fernandez,Z,1982-11-11,,osrednjeslovenska
Amanda,Mcdonald,Z,1926-06-01,,gorenjska
Stephanie,Duncan,Z,1968-11-24,,primorsko-notranjska
Adam,Moreno,M,1932-08-27,,gorenjska
Anthony,Payne,M,1931-08-25,,koroška
Joseph,Collins,M,1937-06-24,,goriška
Joseph,Washington,M,1926-10-16,1994-09-16,primorsko-notranjska
Jeremy,Arnold,M,2014-06-26,,goriška
Thomas,Bishop,M,1954-10-07,,goriška
Clarence,Reed,Z,2014-06-27,1987-03-05,koroška
Nicholas,Meyer,Z,1953-07-29,,jugovzhodna Slovenija
Howard,Medina,M,1928-02-18,,primorsko-notranjska
Shirley,Ortiz,Z,1988-04-30,,jugovzhodna Slovenija
Stephen,Stewart,Z,1954-05-16,,goriška
Jose,Baker,Z,1924-02-23,,zasavska
Ryan,Perry,M,2003-08-27,,podravska
Shawn,Murray,M,2003-04-16,1941-04-12,zasavska
Willie,Martin,M,2007-02-03,,goriška
Joshua,Oliver,M,2008-10-05,,posavska
Denise,Hall,Z,1958-01-13,1950-11-16,gorenjska
Thomas,Welch,M,1990-02-23,,posavska
Deborah,Owens,Z,1932-09-01,,koroška
Patrick,Dixon,M,1923-06-28,,pomurska
Patrick,Moore,Z,1973-05-01,,goriška
Michael,Pierce,M,1950-12-15,2009-08-28,jugovzhodna Slovenija
Julie,Stephens,Z,1962-11-05,1959-01-04,zasavska
Justin,Kim,M,1925-02-01,,koroška
Nicholas,Vasquez,Z,2005-01-01,,obalno-kraška
Bobby,Pierce,M,2010-11-20,,gorenjska
Randy,Anderson,M,2014-07-21,,primorsko-notranjska
Evelyn,Mendoza,Z,1940-06-28,,primorsko-notranjska
Victor,Marshall,Z,1978-10-19,,zasavska
Patrick,Hart,M,1944-04-18,,savinjska
Howard,Patterson,Z,1935-09-28,,gorenjska
Paula,Ryan,Z,1959-07-10,1922-12-14,jugovzhodna Slovenija
Juan,Bryant,Z,1989-06-24,,podravska
Paula,Shaw,Z,1935-06-07,,koroška
Anthony,Morales,Z,1945-08-21,,pomurska
Judy,Ortiz,Z,2012-01-01,,gorenjska
